"type","id","created","modified","created_by_ref","name","description","aliases","object_marking_refs","external_references","spec_version","x_mitre_attack_spec_version","x_mitre_domains","x_mitre_modified_by_ref","x_mitre_version","x_mitre_contributors"
"intrusion-set","intrusion-set--6a2e693f-24e5-451a-9f88-b36a108e5662","2017-05-31T21:31:47.955Z","2018-01-17T12:56:55.080Z","identity--c78cb6e5-0c4b-4611-8297-d1b8b55e40b5","APT1","APT1 is a Chinese threat group that has been attributed to the 2nd Bureau of the People’s Liberation Army (PLA) General Staff Department’s (GSD) 3rd Department, commonly known by its Military Unit Cover Designator (MUCD) as Unit 61398. (Citation: Mandiant APT1)","['APT1', 'Comment Crew', 'Comment Group', 'Comment Panda']","['marking-definition--fa42a846-8d90-4e51-bc29-71d5b4802168']","[{'source_name': 'mitre-attack', 'url': 'https://attack.mitre.org/wiki/Group/G0006', 'external_id': 'G0006'}, {'source_name': 'Mandiant APT1', 'description': 'Mandiant. (n.d.). APT1 Exposing One of China’s Cyber Espionage Units. Retrieved July 18, 2016.', 'url': 'https://www.fireeye.com/content/dam/fireeye-www/services/pdfs/mandiant-apt1-report.pdf'}]","2.1","2.1.0","['enterprise-attack']","identity--c78cb6e5-0c4b-4611-8297-d1b8b55e40b5","1.0",""
"intrusion-set","intrusion-set--c47f937f-1022-4f42-8525-e7a4779a14cb","2017-05-31T21:31:47.537Z","2018-01-17T12:56:55.080Z","identity--c78cb6e5-0c4b-4611-8297-d1b8b55e40b5","APT12","APT12 is a threat group that has been attributed to China. (Citation: Meyers Numbered Panda)","['APT12', 'IXESHE', 'DynCalc', 'Numbered Panda', 'DNSCALC']","['marking-definition--fa42a846-8d90-4e51-bc29-71d5b4802168']","[{'source_name': 'mitre-attack', 'url': 'https://attack.mitre.org/wiki/Group/G0005', 'external_id': 'G0005'}, {'source_name': 'Meyers Numbered Panda', 'description': 'Meyers, A. (2013, March 29). Whois Numbered Panda. Retrieved January 14, 2016.', 'url': 'http://www.crowdstrike.com/blog/whois-numbered-panda/'}]","2.1","2.1.0","['enterprise-attack']","identity--c78cb6e5-0c4b-4611-8297-d1b8b55e40b5","1.0",""
"intrusion-set","intrusion-set--d6e88e18-81e8-4709-82d8-973095da1e70","2017-05-31T21:31:56.270Z","2018-01-17T12:56:55.080Z","identity--c78cb6e5-0c4b-4611-8297-d1b8b55e40b5","APT16","APT16 is a China-based threat group that has launched spearphishing campaigns targeting Japanese and Taiwanese organizations. (Citation: FireEye EPS Awakens Part 2)","['APT16']","['marking-definition--fa42a846-8d90-4e51-bc29-71d5b4802168']","[{'source_name': 'mitre-attack', 'url': 'https://attack.mitre.org/wiki/Group/G0023', 'external_id': 'G0023'}, {'source_name': 'FireEye EPS Awakens Part 2', 'description': 'Winters, R.. (2015, December 20). The EPS Awakens - Part 2. Retrieved January 22, 2016.', 'url': 'https://www.fireeye.com/blog/threat-research/2015/12/the-eps-awakens-part-two.html'}]","2.1","2.1.0","['enterprise-attack']","identity--c78cb6e5-0c4b-4611-8297-d1b8b55e40b5","1.0",""
"intrusion-set","intrusion-set--090242d7-73fc-4738-af68-20162f7a5aae","2017-05-31T21:31:57.307Z","2018-01-17T12:56:55.080Z","identity--c78cb6e5-0c4b-4611-8297-d1b8b55e40b5","APT17","APT17 is a China-based threat group that has conducted network intrusions against U.S. government entities, the defense industry, law firms, information technology companies, mining companies, and non-government organizations. (Citation: FireEye APT17)","['APT17', 'Deputy Dog']","['marking-definition--fa42a846-8d90-4e51-bc29-71d5b4802168']","[{'source_name': 'mitre-attack', 'url': 'https://attack.mitre.org/wiki/Group/G0025', 'external_id': 'G0025'}, {'source_name': 'FireEye APT17', 'description': 'FireEye Labs/FireEye Threat Intelligence. (2015, May 14). Hiding in Plain Sight: FireEye and Microsoft Expose Obfuscation Tactic. Retrieved January 22, 2016.', 'url': 'https://www2.fireeye.com/rs/fireye/images/APT17%20Report.pdf'}]","2.1","2.1.0","['enterprise-attack']","identity--c78cb6e5-0c4b-4611-8297-d1b8b55e40b5","1.0",""
"intrusion-set","intrusion-set--38fd6a28-3353-4f2b-bb2b-459fecd5c648","2017-05-31T21:31:57.733Z","2018-01-17T12:56:55.080Z","identity--c78cb6e5-0c4b-4611-8297-d1b8b55e40b5","APT18","APT18 is a threat group that has operated since at least 2009 and has targeted a range of industries, including technology, manufacturing, human rights groups, government, and medical. (Citation: Dell Lateral Movement)","['APT18', 'Threat Group-0416', 'TG-0416', 'Dynamite Panda']","['marking-definition--fa42a846-8d90-4e51-bc29-71d5b4802168']","[{'source_name': 'mitre-attack', 'url': 'https://attack.mitre.org/wiki/Group/G0026', 'external_id': 'G0026'}, {'source_name': 'Dell Lateral Movement', 'description': 'Carvey, H.. (2014, September 2). Where you AT?: Indicators of lateral movement using at.exe on Windows 7 systems. Retrieved January 25, 2016.', 'url': 'http://www.secureworks.com/resources/blog/where-you-at-indicators-of-lateral-movement-using-at-exe-on-windows-7-systems/'}]","2.1","2.1.0","['enterprise-attack']","identity--c78cb6e5-0c4b-4611-8297-d1b8b55e40b5","1.0",""
"intrusion-set","intrusion-set--bef4c620-0787-42a8-a96d-b7eb6e85917c","2017-05-31T21:31:48.664Z","2018-01-17T12:56:55.080Z","identity--c78cb6e5-0c4b-4611-8297-d1b8b55e40b5","APT28","APT28 is a threat group that has been attributed to the Russian government. (Citation: FireEye APT28) (Citation: SecureWorks TG-4127) (Citation: FireEye APT28) January 2017 (Citation: GRIZZLY STEPPE JAR) This group reportedly compromised the Democratic National Committee in April 2016. (Citation: Crowdstrike DNC June 2016)","['APT28', 'Sednit', 'Sofacy', 'Pawn Storm', 'Fancy Bear', 'STRONTIUM', 'Tsar Team', 'Threat Group-4127', 'TG-4127']","['marking-definition--fa42a846-8d90-4e51-bc29-71d5b4802168']","[{'source_name': 'mitre-attack', 'url': 'https://attack.mitre.org/wiki/Group/G0007', 'external_id': 'G0007'}, {'source_name': 'Crowdstrike DNC June 2016', 'description': 'Alperovitch, D.. (2016, June 15). Bears in the Midst: Intrusion into the Democratic National Committee. Retrieved August 3, 2016.', 'url': 'https://www.crowdstrike.com/blog/bears-midst-intrusion-democratic-national-committee/'}, {'source_name': 'FireEye APT28', 'description': 'FireEye. (2015). APT28: A WINDOW INTO RUSSIA’S CYBER ESPIONAGE OPERATIONS?. Retrieved August 19, 2015.', 'url': 'https://www.fireeye.com/content/dam/fireeye-www/global/en/current-threats/pdfs/rpt-apt28.pdf'}, {'source_name': 'GRIZZLY STEPPE JAR', 'description': 'Department of Homeland Security and Federal Bureau of Investigation. (2016, December 29). GRIZZLY STEPPE – Russian Malicious Cyber Activity. Retrieved January 11, 2017.'}, {'source_name': 'SecureWorks TG-4127', 'description': 'SecureWorks Counter Threat Unit Threat Intelligence. (2016, June 16). Threat Group-4127 Targets Hillary Clinton Presidential Campaign. Retrieved August 3, 2016.', 'url': 'https://www.secureworks.com/research/threat-group-4127-targets-hillary-clinton-presidential-campaign'}]","2.1","2.1.0","['enterprise-attack']","identity--c78cb6e5-0c4b-4611-8297-d1b8b55e40b5","1.0",""
"intrusion-set","intrusion-set--899ce53f-13a0-479b-a0e4-67d46e241542","2017-05-31T21:31:52.748Z","2018-01-17T12:56:55.080Z","identity--c78cb6e5-0c4b-4611-8297-d1b8b55e40b5","APT29","APT29 is threat group that has been attributed to the Russian government and has operated since at least 2008. (Citation: F-Secure The Dukes) (Citation: GRIZZLY STEPPE JAR) This group reportedly compromised the Democratic National Committee starting in the summer of 2015. (Citation: Crowdstrike DNC June 2016)","['APT29', 'The Dukes', 'Cozy Bear', 'CozyDuke']","['marking-definition--fa42a846-8d90-4e51-bc29-71d5b4802168']","[{'source_name': 'mitre-attack', 'url': 'https://attack.mitre.org/wiki/Group/G0016', 'external_id': 'G0016'}, {'source_name': 'F-Secure The Dukes', 'description': 'F-Secure Labs. (2015, September 17). The Dukes: 7 years of Russian cyberespionage. Retrieved December 10, 2015.', 'url': 'https://www.f-secure.com/documents/996508/1030745/dukes%20whitepaper.pdf'}, {'source_name': 'GRIZZLY STEPPE JAR', 'description': 'Department of Homeland Security and Federal Bureau of Investigation. (2016, December 29). GRIZZLY STEPPE – Russian Malicious Cyber Activity. Retrieved January 11, 2017.'}, {'source_name': 'Crowdstrike DNC June 2016', 'description': 'Alperovitch, D.. (2016, June 15). Bears in the Midst: Intrusion into the Democratic National Committee. Retrieved August 3, 2016.', 'url': 'https://www.crowdstrike.com/blog/bears-midst-intrusion-democratic-national-committee/'}]","2.1","2.1.0","['enterprise-attack']","identity--c78cb6e5-0c4b-4611-8297-d1b8b55e40b5","1.0",""
"intrusion-set","intrusion-set--0bbdf25b-30ff-4894-a1cd-49260d0dd2d9","2017-05-31T21:31:55.853Z","2018-01-17T12:56:55.080Z","identity--c78cb6e5-0c4b-4611-8297-d1b8b55e40b5","APT3","APT3 is a China-based threat group that researchers have attributed to China's Ministry of State Security. (Citation: FireEye Clandestine Wolf) (Citation: Recorded Future APT3 May 2017) This group is responsible for the campaigns known as Operation Clandestine Fox, Operation Clandestine Wolf, and Operation Double Tap. (Citation: FireEye Clandestine Wolf) (Citation: FireEye Operation Double Tap) As of June 2015, the group appears to have shifted from targeting primarily US victims to primarily political organizations in Hong Kong. (Citation: Symantec Buckeye)

 (Citation: APT3 Adversary Emulation Plan)","['APT3', 'Gothic Panda', 'Pirpi', 'UPS Team', 'Buckeye', 'Threat Group-0110', 'TG-0110']","['marking-definition--fa42a846-8d90-4e51-bc29-71d5b4802168']","[{'source_name': 'mitre-attack', 'url': 'https://attack.mitre.org/wiki/Group/G0022', 'external_id': 'G0022'}, {'source_name': 'FireEye Clandestine Wolf', 'description': 'Eng, E., Caselden, D.. (2015, June 23). Operation Clandestine Wolf – Adobe Flash Zero-Day in APT3 Phishing Campaign. Retrieved January 14, 2016.', 'url': 'https://www.fireeye.com/blog/threat-research/2015/06/operation-clandestine-wolf-adobe-flash-zero-day.html'}, {'source_name': 'Recorded Future APT3 May 2017', 'description': 'Insikt Group (Recorded Future). (2017, May 17). Recorded Future Research Concludes Chinese Ministry of State Security Behind APT3. Retrieved June 18, 2017.', 'url': 'https://www.recordedfuture.com/chinese-mss-behind-apt3/'}, {'source_name': 'FireEye Operation Double Tap', 'description': 'Moran, N., et al. (2014, November 21). Operation Double Tap. Retrieved January 14, 2016.', 'url': 'https://www.fireeye.com/blog/threat-research/2014/11/operation%20doubletap.html'}, {'source_name': 'Symantec Buckeye', 'description': 'Symantec Security Response. (2016, September 6). Buckeye cyberespionage group shifts gaze from US to Hong Kong. Retrieved September 26, 2016.', 'url': 'http://www.symantec.com/connect/blogs/buckeye-cyberespionage-group-shifts-gaze-us-hong-kong'}, {'source_name': 'APT3 Adversary Emulation Plan', 'description': 'Korban, C, et al. (2017, September). APT3 Adversary Emulation Plan. Retrieved January 16, 2018.', 'url': 'https://attack.mitre.org/w/img%20auth.php/6/6c/APT3%20Adversary%20Emulation%20Plan.pdf'}]","2.1","2.1.0","['enterprise-attack']","identity--c78cb6e5-0c4b-4611-8297-d1b8b55e40b5","1.0",""
"intrusion-set","intrusion-set--f047ee18-7985-4946-8bfb-4ed754d3a0dd","2017-05-31T21:31:51.026Z","2018-01-17T12:56:55.080Z","identity--c78cb6e5-0c4b-4611-8297-d1b8b55e40b5","APT30","APT30 is a threat group suspected to be associated with the Chinese government. (Citation: FireEye APT30) While Naikon shares some characteristics with APT30, the two groups do not appear to be exact matches. (Citation: Baumgartner Golovkin Naikon 2015)","['APT30']","['marking-definition--fa42a846-8d90-4e51-bc29-71d5b4802168']","[{'source_name': 'mitre-attack', 'url': 'https://attack.mitre.org/wiki/Group/G0013', 'external_id': 'G0013'}, {'source_name': 'FireEye APT30', 'description': 'FireEye Labs. (2015, April). APT30 AND THE MECHANICS OF A LONG-RUNNING CYBER ESPIONAGE OPERATION. Retrieved May 1, 2015.', 'url': 'https://www2.fireeye.com/rs/fireye/images/rpt-apt30.pdf'}, {'source_name': 'Baumgartner Golovkin Naikon 2015', 'description': 'Baumgartner, K., Golovkin, M.. (2015, May 14). The Naikon APT. Retrieved January 14, 2015.', 'url': 'https://securelist.com/the-naikon-apt/69953/'}]","2.1","2.1.0","['enterprise-attack']","identity--c78cb6e5-0c4b-4611-8297-d1b8b55e40b5","1.0",""
"intrusion-set","intrusion-set--247cb30b-955f-42eb-97a5-a89fef69341e","2017-12-14T16:46:06.044Z","2018-01-17T12:56:55.080Z","identity--c78cb6e5-0c4b-4611-8297-d1b8b55e40b5","APT32","APT32 is a threat group that has been active since at least 2014. The group has targeted multiple private sector industries as well as with foreign governments, dissidents, and journalists, and has extensively used strategic web compromises to compromise victims. The group is believed to be Vietnam-based. (Citation: FireEye APT32 May 2017) (Citation: Volexity OceanLotus Nov 2017)","['APT32', 'OceanLotus Group']","['marking-definition--fa42a846-8d90-4e51-bc29-71d5b4802168']","[{'source_name': 'mitre-attack', 'url': 'https://attack.mitre.org/wiki/Group/G0050', 'external_id': 'G0050'}, {'source_name': 'FireEye APT32 May 2017', 'description': 'Carr, N.. (2017, May 14). Cyber Espionage is Alive and Well: APT32 and the Threat to Global Corporations. Retrieved June 18, 2017.', 'url': 'https://www.fireeye.com/blog/threat-research/2017/05/cyber-espionage-apt32.html'}, {'source_name': 'Volexity OceanLotus Nov 2017', 'description': 'Lassalle, D., et al. (2017, November 6). OceanLotus Blossoms: Mass Digital Surveillance and Attacks Targeting ASEAN, Asian Nations, the Media, Human Rights Groups, and Civil Society. Retrieved November 6, 2017.', 'url': 'https://www.volexity.com/blog/2017/11/06/oceanlotus-blossoms-mass-digital-surveillance-and-exploitation-of-asean-nations-the-media-human-rights-and-civil-society/'}]","2.1","2.1.0","['enterprise-attack']","identity--c78cb6e5-0c4b-4611-8297-d1b8b55e40b5","1.0",""
"intrusion-set","intrusion-set--68ba94ab-78b8-43e7-83e2-aed3466882c6","2018-01-16T16:13:52.465Z","2018-01-17T12:56:55.080Z","identity--c78cb6e5-0c4b-4611-8297-d1b8b55e40b5","APT34","APT34 is an Iranian cyber espionage group that has been active since at least 2014. The group has targeted a variety of industries, including financial, government, energy, chemical, and telecommunications, and has largely focused its operations within the Middle East. FireEye assesses that the group works on behalf of the Iranian government based on infrastructure details that contain references to Iran, use of Iranian infrastructure, and targeting that aligns with nation-state interests. APT34 loosely aligns with public reporting related to OilRig, but may not wholly align due to companies tracking threat groups in different ways. (Citation: FireEye APT34 Dec 2017)","['APT34']","['marking-definition--fa42a846-8d90-4e51-bc29-71d5b4802168']","[{'source_name': 'mitre-attack', 'url': 'https://attack.mitre.org/wiki/Group/G0057', 'external_id': 'G0057'}, {'source_name': 'FireEye APT34 Dec 2017', 'description': 'Sardiwal, M, et al. (2017, December 7). New Targeted Attack in the Middle East by APT34, a Suspected Iranian Threat Group, Using CVE-2017-11882 Exploit. Retrieved December 20, 2017.', 'url': 'https://www.fireeye.com/blog/threat-research/2017/12/targeted-attack-in-middle-east-by-apt34.html'}]","2.1","2.1.0","['enterprise-attack']","identity--c78cb6e5-0c4b-4611-8297-d1b8b55e40b5","1.0",""
"intrusion-set","intrusion-set--a0cb9370-e39b-44d5-9f50-ef78e412b973","2017-05-31T21:31:45.629Z","2018-01-17T12:56:55.080Z","identity--c78cb6e5-0c4b-4611-8297-d1b8b55e40b5","Axiom"," (Citation: Axiom) is a cyber espionage group suspected to be associated with the Chinese government. It is responsible for the Operation SMN campaign. (Citation: Axiom) Though both this group and Winnti Group use the malware Winnti, the two groups appear to be distinct based on differences in reporting on the groups' TTPs and targeting. (Citation: Kaspersky Winnti April 2013) (Citation: Kaspersky Winnti June 2015) (Citation: Novetta Winnti April 2015)","['Axiom', 'Group 72']","['marking-definition--fa42a846-8d90-4e51-bc29-71d5b4802168']","[{'source_name': 'mitre-attack', 'url': 'https://attack.mitre.org/wiki/Group/G0001', 'external_id': 'G0001'}, {'source_name': 'Axiom', 'description': 'Novetta. (n.d.). Operation SMN: Axiom Threat Actor Group Report. Retrieved November 12, 2014.', 'url': 'http://www.novetta.com/wp-content/uploads/2014/11/Executive%20Summary-Final%201.pdf'}, {'source_name': 'Kaspersky Winnti April 2013', 'description': ""Kaspersky Lab's Global Research and Analysis Team. (2013, April 11). Winnti. More than just a game. Retrieved February 8, 2017."", 'url': 'https://kasperskycontenthub.com/wp-content/uploads/sites/43/vlpdfs/winnti-more-than-just-a-game-130410.pdf'}, {'source_name': 'Kaspersky Winnti June 2015', 'description': 'Tarakanov, D. (2015, June 22). Games are over: Winnti is now targeting pharmaceutical companies. Retrieved January 14, 2016.', 'url': 'https://securelist.com/games-are-over/70991/'}, {'source_name': 'Novetta Winnti April 2015', 'description': 'Novetta Threat Research Group. (2015, April 7). Winnti Analysis. Retrieved February 8, 2017.', 'url': 'http://www.novetta.com/wp-content/uploads/2015/04/novetta%20winntianalysis.pdf'}]","2.1","2.1.0","['enterprise-attack']","identity--c78cb6e5-0c4b-4611-8297-d1b8b55e40b5","1.0",""
"intrusion-set","intrusion-set--93f52415-0fe4-4d3d-896c-fc9b8e88ab90","2018-01-16T16:13:52.465Z","2018-01-17T12:56:55.080Z","identity--c78cb6e5-0c4b-4611-8297-d1b8b55e40b5","BRONZE BUTLER","BRONZE BUTLER is a cyber espionage group with likely Chinese origins that has been active since at least 2008. The group primarily targets Japanese organizations, particularly those in government, biotechnology, electronics manufacturing, and industrial chemistry. (Citation: Trend Micro Daserf Nov 2017) (Citation: Secureworks BRONZE BUTLER Oct 2017)","['BRONZE BUTLER', 'REDBALDKNIGHT', 'Tick']","['marking-definition--fa42a846-8d90-4e51-bc29-71d5b4802168']","[{'source_name': 'mitre-attack', 'url': 'https://attack.mitre.org/wiki/Group/G0060', 'external_id': 'G0060'}, {'source_name': 'Trend Micro Daserf Nov 2017', 'description': 'Chen, J. and Hsieh, M. (2017, November 7). REDBALDKNIGHT/BRONZE BUTLER’s Daserf Backdoor Now Using Steganography. Retrieved December 27, 2017.', 'url': 'http://blog.trendmicro.com/trendlabs-security-intelligence/redbaldknight-bronze-butler-daserf-backdoor-now-using-steganography/'}, {'source_name': 'Secureworks BRONZE BUTLER Oct 2017', 'description': 'Counter Threat Unit Research Team. (2017, October 12). BRONZE BUTLER Targets Japanese Enterprises. Retrieved January 4, 2018.', 'url': 'https://www.secureworks.com/research/bronze-butler-targets-japanese-businesses'}]","2.1","2.1.0","['enterprise-attack']","identity--c78cb6e5-0c4b-4611-8297-d1b8b55e40b5","1.0",""
"intrusion-set","intrusion-set--55033a4d-3ffe-46b2-99b4-2c1541e9ce1c","2017-05-31T21:31:49.021Z","2018-01-17T12:56:55.080Z","identity--c78cb6e5-0c4b-4611-8297-d1b8b55e40b5","Carbanak","Carbanak is a threat group that mainly targets banks. It also refers to malware of the same name (Carbanak). It is sometimes referred to as FIN7, but these appear to be two groups using the same Carbanak malware and are therefore tracked separately. (Citation: Kaspersky Carbanak) (Citation: FireEye FIN7 April 2017)

Contributors: Anastasios Pingios","['Carbanak', 'Anunak', 'Carbon Spider']","['marking-definition--fa42a846-8d90-4e51-bc29-71d5b4802168']","[{'source_name': 'mitre-attack', 'url': 'https://attack.mitre.org/wiki/Group/G0008', 'external_id': 'G0008'}, {'source_name': 'Kaspersky Carbanak', 'description': ""Kaspersky Lab's Global Research and Analysis Team. (2015, February). CARBANAK APT THE GREAT BANK ROBBERY. Retrieved March 3, 2015."", 'url': 'https://securelist.com/files/2015/02/Carbanak%20APT%20eng.pdf'}, {'source_name': 'FireEye FIN7 April 2017', 'description': 'Carr, N., et al. (2017, April 24). FIN7 Evolution and the Phishing LNK. Retrieved April 24, 2017.', 'url': 'https://www.fireeye.com/blog/threat-research/2017/04/fin7-phishing-lnk.html'}]","2.1","2.1.0","['enterprise-attack']","identity--c78cb6e5-0c4b-4611-8297-d1b8b55e40b5","1.0","['Anastasios Pingios']"
"intrusion-set","intrusion-set--7636484c-adc5-45d4-9bfe-c3e062fbc4a0","2018-01-16T16:13:52.465Z","2018-01-17T12:56:55.080Z","identity--c78cb6e5-0c4b-4611-8297-d1b8b55e40b5","Charming Kitten","is an Iranian cyber espionage group that has been active since approximately 2014. They appear to focus on targeting individuals of interest to Iran who work in academic research, human rights, and media, with most victims having been located in Iran, the US, Israel, and the UK.  usually tries to access private email and Facebook accounts, and sometimes establishes a foothold on victim computers as a secondary objective. The group's TTPs overlap extensively with another group, Rocket Kitten, resulting in reporting that may not distinguish between the two groups' activities. (Citation: ClearSky Charming Kitten Dec 2017)","['Charming Kitten']","['marking-definition--fa42a846-8d90-4e51-bc29-71d5b4802168']","[{'source_name': 'mitre-attack', 'url': 'https://attack.mitre.org/wiki/Group/G0058', 'external_id': 'G0058'}, {'source_name': 'ClearSky Charming Kitten Dec 2017', 'description': 'ClearSky Cyber Security. (2017, December). Charming Kitten. Retrieved December 27, 2017.', 'url': 'http://www.clearskysec.com/wp-content/uploads/2017/12/Charming%20Kitten%202017.pdf'}]","2.1","2.1.0","['enterprise-attack']","identity--c78cb6e5-0c4b-4611-8297-d1b8b55e40b5","1.0",""
"intrusion-set","intrusion-set--8f5e8dc7-739d-4f5e-a8a1-a66e004d7063","2017-05-31T21:31:46.390Z","2018-01-17T12:56:55.080Z","identity--c78cb6e5-0c4b-4611-8297-d1b8b55e40b5","Cleaver","Cleaver is a threat group that has been attributed to Iranian actors and is responsible for activity tracked as Operation Cleaver. (Citation: Cylance Cleaver) Strong circumstantial evidence suggests Cleaver is linked to Threat Group 2889 (TG-2889). (Citation: Dell Threat Group 2889)","['Cleaver', 'TG-2889', 'Threat Group 2889']","['marking-definition--fa42a846-8d90-4e51-bc29-71d5b4802168']","[{'source_name': 'mitre-attack', 'url': 'https://attack.mitre.org/wiki/Group/G0003', 'external_id': 'G0003'}, {'source_name': 'Cylance Cleaver', 'description': 'Cylance. (2014, December). Operation Cleaver. Retrieved September 14, 2017.', 'url': 'https://www.cylance.com/content/dam/cylance/pages/operation-cleaver/Cylance%20Operation%20Cleaver%20Report.pdf'}, {'source_name': 'Dell Threat Group 2889', 'description': 'Dell SecureWorks. (2015, October 7). Suspected Iran-Based Hacker Group Creates Network of Fake LinkedIn Profiles. Retrieved January 14, 2016.', 'url': 'http://www.secureworks.com/cyber-threat-intelligence/threats/suspected-iran-based-hacker-group-creates-network-of-fake-linkedin-profiles/'}]","2.1","2.1.0","['enterprise-attack']","identity--c78cb6e5-0c4b-4611-8297-d1b8b55e40b5","1.0",""
"intrusion-set","intrusion-set--dcd81c6e-ebf7-4a16-93e0-9a97fa49c88a","2018-01-16T16:13:52.465Z","2018-01-17T12:56:55.080Z","identity--c78cb6e5-0c4b-4611-8297-d1b8b55e40b5","CopyKittens","CopyKittens is an Iranian cyber espionage group that has been operating since at least 2013. It has targeted countries including Israel, Saudi Arabia, Turkey, the U.S., Jordan, and Germany. The group is responsible for the campaign known as Operation Wilted Tulip. (Citation: ClearSky CopyKittens March 2017) (Citation: ClearSky Wilted Tulip July 2017) (Citation: CopyKittens Nov 2015)","['CopyKittens']","['marking-definition--fa42a846-8d90-4e51-bc29-71d5b4802168']","[{'source_name': 'mitre-attack', 'url': 'https://attack.mitre.org/wiki/Group/G0052', 'external_id': 'G0052'}, {'source_name': 'ClearSky CopyKittens March 2017', 'description': 'ClearSky Cyber Security. (2017, March 30). Jerusalem Post and other Israeli websites compromised by Iranian threat agent CopyKitten. Retrieved August 21, 2017.', 'url': 'http://www.clearskysec.com/copykitten-jpost/'}, {'source_name': 'ClearSky Wilted Tulip July 2017', 'description': 'ClearSky Cyber Security and Trend Micro. (2017, July). Operation Wilted Tulip: Exposing a cyber espionage apparatus. Retrieved August 21, 2017.', 'url': 'http://www.clearskysec.com/wp-content/uploads/2017/07/Operation%20Wilted%20Tulip.pdf'}, {'source_name': 'CopyKittens Nov 2015', 'description': 'Minerva Labs LTD and ClearSky Cyber Security. (2015, November 23). CopyKittens Attack Group. Retrieved September 11, 2017.', 'url': 'https://s3-eu-west-1.amazonaws.com/minervaresearchpublic/CopyKittens/CopyKittens.pdf'}]","2.1","2.1.0","['enterprise-attack']","identity--c78cb6e5-0c4b-4611-8297-d1b8b55e40b5","1.0",""
"intrusion-set","intrusion-set--9e729a7e-0dd6-4097-95bf-db8d64911383","2017-05-31T21:31:50.624Z","2018-01-17T12:56:55.080Z","identity--c78cb6e5-0c4b-4611-8297-d1b8b55e40b5","Darkhotel","Darkhotel is a threat group that has been active since at least 2004. The group has conducted activity on hotel and business center Wi‑Fi and physical connections as well as peer-to-peer and file sharing networks. The actors have also conducted spearphishing. (Citation: Kaspersky Darkhotel)","['Darkhotel']","['marking-definition--fa42a846-8d90-4e51-bc29-71d5b4802168']","[{'source_name': 'mitre-attack', 'url': 'https://attack.mitre.org/wiki/Group/G0012', 'external_id': 'G0012'}, {'source_name': 'Kaspersky Darkhotel', 'description': ""Kaspersky Lab's Global Research and Analysis Team. (2014, November). The Darkhotel APT A Story of Unusual Hospitality. Retrieved November 12, 2014."", 'url': 'https://securelist.com/files/2014/11/darkhotel%20kl%2007.11.pdf'}]","2.1","2.1.0","['enterprise-attack']","identity--c78cb6e5-0c4b-4611-8297-d1b8b55e40b5","1.0",""
"intrusion-set","intrusion-set--a653431d-6a5e-4600-8ad3-609b5af57064","2017-05-31T21:31:49.412Z","2018-01-17T12:56:55.080Z","identity--c78cb6e5-0c4b-4611-8297-d1b8b55e40b5","Deep Panda","Deep Panda is a suspected Chinese threat group known to target many industries, including government, defense, financial, and telecommunications. (Citation: Alperovitch 2014) The intrusion into healthcare company Anthem has been attributed to Deep Panda. (Citation: ThreatConnect Anthem) This group is also known as Shell Crew, WebMasters, KungFu Kittens, and PinkPanther. (Citation: RSA Shell Crew) Deep Panda also appears to be known as Black Vine based on the attribution of both group names to the Anthem intrusion. (Citation: Symantec Black Vine)","['Deep Panda', 'Shell Crew', 'WebMasters', 'KungFu Kittens', 'PinkPanther', 'Black Vine']","['marking-definition--fa42a846-8d90-4e51-bc29-71d5b4802168']","[{'source_name': 'mitre-attack', 'url': 'https://attack.mitre.org/wiki/Group/G0009', 'external_id': 'G0009'}, {'source_name': 'Alperovitch 2014', 'description': 'Alperovitch, D. (2014, July 7). Deep in Thought: Chinese Targeting of National Security Think Tanks. Retrieved November 12, 2014.', 'url': 'https://blog.crowdstrike.com/deep-thought-chinese-targeting-national-security-think-tanks/'}, {'source_name': 'ThreatConnect Anthem', 'description': 'ThreatConnect Research Team. (2015, February 27). The Anthem Hack: All Roads Lead to China. Retrieved January 26, 2016.', 'url': 'https://www.threatconnect.com/the-anthem-hack-all-roads-lead-to-china/'}, {'source_name': 'RSA Shell Crew', 'description': 'RSA Incident Response. (2014, January). RSA Incident Response Emerging Threat Profile: Shell Crew. Retrieved January 14, 2016.', 'url': 'https://www.emc.com/collateral/white-papers/h12756-wp-shell-crew.pdf'}, {'source_name': 'Symantec Black Vine', 'description': 'DiMaggio, J.. (2015, August 6). The Black Vine cyberespionage group. Retrieved January 26, 2016.', 'url': 'http://www.symantec.com/content/en/us/enterprise/media/security%20response/whitepapers/the-black-vine-cyberespionage-group.pdf'}]","2.1","2.1.0","['enterprise-attack']","identity--c78cb6e5-0c4b-4611-8297-d1b8b55e40b5","1.0",""
"intrusion-set","intrusion-set--f3bdec95-3d62-42d9-a840-29630f6cdc1a","2017-05-31T21:31:53.197Z","2018-01-17T12:56:55.080Z","identity--c78cb6e5-0c4b-4611-8297-d1b8b55e40b5","DragonOK","DragonOK is a threat group that has targeted Japanese organizations with phishing emails. Due to overlapping TTPs, including similar custom tools, DragonOK is thought to have a direct or indirect relationship with the threat group Moafee. (Citation: Operation Quantum Entanglement) It is known to use a variety of malware, including Sysget/HelloBridge, PlugX, PoisonIvy, FormerFirstRat, NFlog, and NewCT. (Citation: New DragonOK)","['DragonOK']","['marking-definition--fa42a846-8d90-4e51-bc29-71d5b4802168']","[{'source_name': 'mitre-attack', 'url': 'https://attack.mitre.org/wiki/Group/G0017', 'external_id': 'G0017'}, {'source_name': 'Operation Quantum Entanglement', 'description': 'Haq, T., Moran, N., Vashisht, S., Scott, M. (2014, September). OPERATION QUANTUM ENTANGLEMENT. Retrieved November 4, 2015.', 'url': 'https://www.fireeye.com/content/dam/fireeye-www/global/en/current-threats/pdfs/wp-operation-quantum-entanglement.pdf'}, {'source_name': 'New DragonOK', 'description': 'Miller-Osborn, J., Grunzweig, J.. (2015, April). Unit 42 Identifies New DragonOK Backdoor Malware Deployed Against Japanese Targets. Retrieved November 4, 2015.', 'url': 'http://researchcenter.paloaltonetworks.com/2015/04/unit-42-identifies-new-dragonok-backdoor-malware-deployed-against-japanese-targets/'}]","2.1","2.1.0","['enterprise-attack']","identity--c78cb6e5-0c4b-4611-8297-d1b8b55e40b5","1.0",""
"intrusion-set","intrusion-set--1c63d4ec-0a75-4daa-b1df-0d11af3d3cc1","2017-05-31T21:32:05.217Z","2018-01-17T12:56:55.080Z","identity--c78cb6e5-0c4b-4611-8297-d1b8b55e40b5","Dragonfly","Dragonfly is a cyber espionage group that has been active since at least 2011. They initially targeted defense and aviation companies but shifted to focus on the energy sector in early 2013. They have also targeted companies related to industrial control systems. The group appeared to decrease activity following public exposure in 2014, and re-emerged in late 2015 through 2017. (Citation: Symantec Dragonfly) (Citation: Symantec Dragonfly) Sept 2017","['Dragonfly', 'Energetic Bear']","['marking-definition--fa42a846-8d90-4e51-bc29-71d5b4802168']","[{'source_name': 'mitre-attack', 'url': 'https://attack.mitre.org/wiki/Group/G0035', 'external_id': 'G0035'}, {'source_name': 'Symantec Dragonfly', 'description': 'Symantec Security Response. (2014, July 7). Dragonfly: Cyberespionage Attacks Against Energy Suppliers. Retrieved April 8, 2016.', 'url': 'http://www.symantec.com/content/en/us/enterprise/media/security%20response/whitepapers/Dragonfly%20Threat%20Against%20Western%20Energy%20Suppliers.pdf'}]","2.1","2.1.0","['enterprise-attack']","identity--c78cb6e5-0c4b-4611-8297-d1b8b55e40b5","1.0",""
"intrusion-set","intrusion-set--ae41895a-243f-4a65-b99b-d85022326c31","2017-05-31T21:32:03.306Z","2018-01-17T12:56:55.080Z","identity--c78cb6e5-0c4b-4611-8297-d1b8b55e40b5","Dust Storm","Dust Storm is a threat group that has targeted multiple industries in Japan, South Korea, the United States, Europe, and several Southeast Asian countries. (Citation: Cylance Dust Storm)","['Dust Storm']","['marking-definition--fa42a846-8d90-4e51-bc29-71d5b4802168']","[{'source_name': 'mitre-attack', 'url': 'https://attack.mitre.org/wiki/Group/G0031', 'external_id': 'G0031'}, {'source_name': 'Cylance Dust Storm', 'description': 'Gross, J. (2016, February 23). Operation Dust Storm. Retrieved September 19, 2017.', 'url': 'https://www.cylance.com/content/dam/cylance/pdfs/reports/Op%20Dust%20Storm%20Report.pdf'}]","2.1","2.1.0","['enterprise-attack']","identity--c78cb6e5-0c4b-4611-8297-d1b8b55e40b5","1.0",""
"intrusion-set","intrusion-set--96e239be-ad99-49eb-b127-3007b8c1bec9","2017-05-31T21:31:54.697Z","2018-01-17T12:56:55.080Z","identity--c78cb6e5-0c4b-4611-8297-d1b8b55e40b5","Equation","Equation is a sophisticated threat group that employs multiple remote access tools. The group is known to use zero-day exploits and has developed the capability to overwrite the firmware of hard disk drives. (Citation: Kaspersky Equation QA)","['Equation']","['marking-definition--fa42a846-8d90-4e51-bc29-71d5b4802168']","[{'source_name': 'mitre-attack', 'url': 'https://attack.mitre.org/wiki/Group/G0020', 'external_id': 'G0020'}, {'source_name': 'Kaspersky Equation QA', 'description': ""Kaspersky Lab's Global Research and Analysis Team. (2015, February). Equation Group: Questions and Answers. Retrieved December 21, 2015."", 'url': 'https://securelist.com/files/2015/02/Equation%20group%20questions%20and%20answers.pdf'}]","2.1","2.1.0","['enterprise-attack']","identity--c78cb6e5-0c4b-4611-8297-d1b8b55e40b5","1.0",""
"intrusion-set","intrusion-set--fbe9387f-34e6-4828-ac28-3080020c597b","2017-12-14T16:46:06.044Z","2018-01-17T12:56:55.080Z","identity--c78cb6e5-0c4b-4611-8297-d1b8b55e40b5","FIN10","FIN10 is a financially motivated threat group that has targeted organizations in North America since at least 2013 through 2016. The group uses stolen data exfiltrated from victims to extort organizations. (Citation: FireEye FIN10 June 2017)","['FIN10']","['marking-definition--fa42a846-8d90-4e51-bc29-71d5b4802168']","[{'source_name': 'mitre-attack', 'url': 'https://attack.mitre.org/wiki/Group/G0051', 'external_id': 'G0051'}, {'source_name': 'FireEye FIN10 June 2017', 'description': 'FireEye iSIGHT Intelligence. (2017, June 16). FIN10: Anatomy of a Cyber Extortion Operation. Retrieved June 25, 2017.', 'url': 'https://www2.fireeye.com/rs/848-DID-242/images/rpt-fin10.pdf'}]","2.1","2.1.0","['enterprise-attack']","identity--c78cb6e5-0c4b-4611-8297-d1b8b55e40b5","1.0",""
"intrusion-set","intrusion-set--85403903-15e0-4f9f-9be4-a259ecad4022","2018-01-16T16:13:52.465Z","2018-01-17T12:56:55.080Z","identity--c78cb6e5-0c4b-4611-8297-d1b8b55e40b5","FIN5","FIN5 is a financially motivated threat group that has targeted personally identifiable information and payment card information. The group has been active since at least 2008 and has targeted the restaurant, gaming, and hotel industries. The group is made up of actors who likely speak Russian. (Citation: FireEye Respond Webinar July 2017) (Citation: Mandiant FIN5 GrrCON Oct 2016) (Citation: DarkReading FireEye FIN5 Oct 2015)

Contributors: Walker Johnson","['FIN5']","['marking-definition--fa42a846-8d90-4e51-bc29-71d5b4802168']","[{'source_name': 'mitre-attack', 'url': 'https://attack.mitre.org/wiki/Group/G0053', 'external_id': 'G0053'}, {'source_name': 'FireEye Respond Webinar July 2017', 'description': 'Scavella, T. and Rifki, A. (2017, July 20). Are you Ready to Respond? (Webinar). Retrieved October 4, 2017.', 'url': 'https://www2.fireeye.com/WBNR-Are-you-ready-to-respond.html'}, {'source_name': 'Mandiant FIN5 GrrCON Oct 2016', 'description': 'Bromiley, M. and Lewis, P. (2016, October 7). Attacking the Hospitality and Gaming Industries: Tracking an Attacker Around the World in 7 Years. Retrieved October 6, 2017.', 'url': 'https://www.youtube.com/watch?v=fevGZs0EQu8'}, {'source_name': 'DarkReading FireEye FIN5 Oct 2015', 'description': 'Higgins, K. (2015, October 13). Prolific Cybercrime Gang Favors Legit Login Credentials. Retrieved October 4, 2017.', 'url': 'https://www.darkreading.com/analytics/prolific-cybercrime-gang-favors-legit-login-credentials/d/d-id/1322645?'}]","2.1","2.1.0","['enterprise-attack']","identity--c78cb6e5-0c4b-4611-8297-d1b8b55e40b5","1.0","['Walker Johnson']"
"intrusion-set","intrusion-set--2a7914cf-dff3-428d-ab0f-1014d1c28aeb","2017-05-31T21:32:06.015Z","2018-01-17T12:56:55.080Z","identity--c78cb6e5-0c4b-4611-8297-d1b8b55e40b5","FIN6","FIN6 is a cyber crime group that has stolen payment card data and sold it for profit on underground marketplaces. This group has aggressively targeted and compromised point of sale (PoS) systems in the hospitality and retail sectors. (Citation: FireEye FIN6 April 2016)","['FIN6']","['marking-definition--fa42a846-8d90-4e51-bc29-71d5b4802168']","[{'source_name': 'mitre-attack', 'url': 'https://attack.mitre.org/wiki/Group/G0037', 'external_id': 'G0037'}, {'source_name': 'FireEye FIN6 April 2016', 'description': 'FireEye Threat Intelligence. (2016, April). Follow the Money: Dissecting the Operations of the Cyber Crime Group FIN6. Retrieved June 1, 2016.', 'url': 'https://www2.fireeye.com/rs/848-DID-242/images/rpt-fin6.pdf'}]","2.1","2.1.0","['enterprise-attack']","identity--c78cb6e5-0c4b-4611-8297-d1b8b55e40b5","1.0",""
"intrusion-set","intrusion-set--3753cc21-2dae-4dfb-8481-d004e74502cc","2017-05-31T21:32:09.460Z","2018-01-17T12:56:55.080Z","identity--c78cb6e5-0c4b-4611-8297-d1b8b55e40b5","FIN7","FIN7 is a financially motivated threat group that has primarily targeted the retail and hospitality sectors, often using point-of-sale malware. It is sometimes referred to as Carbanak Group, but these appear to be two groups using the same Carbanak malware and are therefore tracked separately. (Citation: FireEye FIN7 March 2017) (Citation: FireEye FIN7 April 2017)","['FIN7']","['marking-definition--fa42a846-8d90-4e51-bc29-71d5b4802168']","[{'source_name': 'mitre-attack', 'url': 'https://attack.mitre.org/wiki/Group/G0046', 'external_id': 'G0046'}, {'source_name': 'FireEye FIN7 March 2017', 'description': 'Miller, S., et al. (2017, March 7). FIN7 Spear Phishing Campaign Targets Personnel Involved in SEC Filings. Retrieved March 8, 2017.', 'url': 'https://www.fireeye.com/blog/threat-research/2017/03/fin7%20spear%20phishing.html'}, {'source_name': 'FireEye FIN7 April 2017', 'description': 'Carr, N., et al. (2017, April 24). FIN7 Evolution and the Phishing LNK. Retrieved April 24, 2017.', 'url': 'https://www.fireeye.com/blog/threat-research/2017/04/fin7-phishing-lnk.html'}]","2.1","2.1.0","['enterprise-attack']","identity--c78cb6e5-0c4b-4611-8297-d1b8b55e40b5","1.0",""
"intrusion-set","intrusion-set--0ea72cd5-ca30-46ba-bc04-378f701c658f","2017-05-31T21:32:05.611Z","2018-01-17T12:56:55.080Z","identity--c78cb6e5-0c4b-4611-8297-d1b8b55e40b5","GCMAN","GCMAN is a threat group that focuses on targeting banks for the purpose of transferring money to e-currency services. (Citation: Securelist GCMAN)","['GCMAN']","['marking-definition--fa42a846-8d90-4e51-bc29-71d5b4802168']","[{'source_name': 'mitre-attack', 'url': 'https://attack.mitre.org/wiki/Group/G0036', 'external_id': 'G0036'}, {'source_name': 'Securelist GCMAN', 'description': ""Kaspersky Lab's Global Research & Analysis Team. (2016, February 8). APT-style bank robberies increase with Metel, GCMAN and Carbanak 2.0 attacks. Retrieved April 20, 2016."", 'url': 'https://securelist.com/apt-style-bank-robberies-increase-with-metel-gcman-and-carbanak-2-0-attacks/73638/'}]","2.1","2.1.0","['enterprise-attack']","identity--c78cb6e5-0c4b-4611-8297-d1b8b55e40b5","1.0",""
"intrusion-set","intrusion-set--2e290bfe-93b5-48ce-97d6-edcd6d32b7cf","2017-05-31T21:32:09.849Z","2018-01-17T12:56:55.080Z","identity--c78cb6e5-0c4b-4611-8297-d1b8b55e40b5","Gamaredon Group","Gamaredon Group is a threat group that has been active since at least 2013 and has targeted individuals likely involved in the Ukrainian government. (Citation: Palo Alto Gamaredon Feb 2017)","['Gamaredon Group']","['marking-definition--fa42a846-8d90-4e51-bc29-71d5b4802168']","[{'source_name': 'mitre-attack', 'url': 'https://attack.mitre.org/wiki/Group/G0047', 'external_id': 'G0047'}, {'source_name': 'Palo Alto Gamaredon Feb 2017', 'description': 'Kasza, A. and Reichel, D.. (2017, February 27). The Gamaredon Group Toolset Evolution. Retrieved March 1, 2017.', 'url': 'https://researchcenter.paloaltonetworks.com/2017/02/unit-42-title-gamaredon-group-toolset-evolution/'}]","2.1","2.1.0","['enterprise-attack']","identity--c78cb6e5-0c4b-4611-8297-d1b8b55e40b5","1.0",""
"intrusion-set","intrusion-set--7331c66a-5601-4d3f-acf6-ad9e3035eb40","2017-05-31T21:32:08.304Z","2018-01-17T12:56:55.080Z","identity--c78cb6e5-0c4b-4611-8297-d1b8b55e40b5","Group5","Group5 is a threat group with a suspected Iranian nexus, though this attribution is not definite. The group has targeted individuals connected to the Syrian opposition via spearphishing and watering holes, normally using Syrian and Iranian themes. Group5 has used two commonly available remote access tools (RATs), njRAT and NanoCore, as well as an Android RAT, DroidJack. (Citation: Citizen Lab Group5)","['Group5']","['marking-definition--fa42a846-8d90-4e51-bc29-71d5b4802168']","[{'source_name': 'mitre-attack', 'url': 'https://attack.mitre.org/wiki/Group/G0043', 'external_id': 'G0043'}, {'source_name': 'Citizen Lab Group5', 'description': 'Scott-Railton, J., et al. (2016, August 2). Group5: Syria and the Iranian Connection. Retrieved September 26, 2016.', 'url': 'https://citizenlab.org/2016/08/group5-syria/'}]","2.1","2.1.0","['enterprise-attack']","identity--c78cb6e5-0c4b-4611-8297-d1b8b55e40b5","1.0",""
"intrusion-set","intrusion-set--6713ab67-e25b-49cc-808d-2b36d4fbc35c","2017-05-31T21:31:47.177Z","2018-01-17T12:56:55.080Z","identity--c78cb6e5-0c4b-4611-8297-d1b8b55e40b5","Ke3chang","Ke3chang is a threat group attributed to actors operating out of China. (Citation: Villeneuve et al 2014)","['Ke3chang']","['marking-definition--fa42a846-8d90-4e51-bc29-71d5b4802168']","[{'source_name': 'mitre-attack', 'url': 'https://attack.mitre.org/wiki/Group/G0004', 'external_id': 'G0004'}, {'source_name': 'Villeneuve et al 2014', 'description': 'Villeneuve, N., Bennett, J. T., Moran, N., Haq, T., Scott, M., & Geers, K. (2014). OPERATION “KE3CHANG”: Targeted Attacks Against Ministries of Foreign Affairs. Retrieved November 12, 2014.', 'url': 'https://www.fireeye.com/content/dam/fireeye-www/global/en/current-threats/pdfs/wp-operation-ke3chang.pdf'}]","2.1","2.1.0","['enterprise-attack']","identity--c78cb6e5-0c4b-4611-8297-d1b8b55e40b5","1.0",""
"intrusion-set","intrusion-set--c93fccb1-e8e8-42cf-ae33-2ad1d183913a","2017-05-31T21:32:03.807Z","2018-01-17T12:56:55.080Z","identity--c78cb6e5-0c4b-4611-8297-d1b8b55e40b5","Lazarus Group","Lazarus Group is a threat group that has been attributed to the North Korean government. (Citation: US-CERT HIDDEN COBRA June 2017) The group has been active since at least 2009 and was reportedly responsible for the November 2014 destructive wiper attack against Sony Pictures Entertainment as part of a campaign named Operation Blockbuster by Novetta. Malware used by Lazarus Group correlates to other reported campaigns, including Operation Flame, Operation 1Mission, Operation Troy, DarkSeoul, and Ten Days of Rain. (Citation: Novetta Blockbuster)","['Lazarus Group', 'HIDDEN COBRA', 'Guardians of Peace', 'ZINC', 'NICKEL ACADEMY']","['marking-definition--fa42a846-8d90-4e51-bc29-71d5b4802168']","[{'source_name': 'mitre-attack', 'url': 'https://attack.mitre.org/wiki/Group/G0032', 'external_id': 'G0032'}, {'source_name': 'US-CERT HIDDEN COBRA June 2017', 'description': 'US-CERT. (2017, June 13). Alert (TA17-164A) HIDDEN COBRA – North Korea’s DDoS Botnet Infrastructure. Retrieved July 13, 2017.', 'url': 'https://www.us-cert.gov/ncas/alerts/TA17-164A'}, {'source_name': 'Novetta Blockbuster', 'description': 'Novetta Threat Research Group. (2016, February 24). Operation Blockbuster: Unraveling the Long Thread of the Sony Attack. Retrieved February 25, 2016.', 'url': 'https://www.operationblockbuster.com/wp-content/uploads/2016/02/Operation-Blockbuster-Report.pdf'}]","2.1","2.1.0","['enterprise-attack']","identity--c78cb6e5-0c4b-4611-8297-d1b8b55e40b5","1.0",""
"intrusion-set","intrusion-set--88b7dbc2-32d3-4e31-af2f-3fc24e1582d7","2017-05-31T21:32:01.092Z","2018-01-17T12:56:55.080Z","identity--c78cb6e5-0c4b-4611-8297-d1b8b55e40b5","Lotus Blossom","Lotus Blossom is a threat group that has targeted government and military organizations in Southeast Asia. (Citation: Lotus Blossom Jun 2015)","['Lotus Blossom', 'Spring Dragon']","['marking-definition--fa42a846-8d90-4e51-bc29-71d5b4802168']","[{'source_name': 'mitre-attack', 'url': 'https://attack.mitre.org/wiki/Group/G0030', 'external_id': 'G0030'}, {'source_name': 'Lotus Blossom Jun 2015', 'description': 'Falcone, R., et al.. (2015, June 16). Operation Lotus Blossom. Retrieved February 15, 2016.', 'url': 'https://www.paloaltonetworks.com/resources/research/unit42-operation-lotus-blossom.html'}]","2.1","2.1.0","['enterprise-attack']","identity--c78cb6e5-0c4b-4611-8297-d1b8b55e40b5","1.0",""
"intrusion-set","intrusion-set--9559ecaf-2e75-48a7-aee8-9974020bc772","2017-05-31T21:32:07.928Z","2018-01-17T12:56:55.080Z","identity--c78cb6e5-0c4b-4611-8297-d1b8b55e40b5","MONSOON","MONSOON is the name of an espionage campaign that apparently started in December 2015 and was ongoing as of July 2016. It is believed that the actors behind MONSOON are the same actors behind Operation Hangover. While attribution is unclear, the campaign has targeted victims with military and political interests in the Indian Subcontinent. (Citation: Forcepoint Monsoon) Operation Hangover has been reported as being Indian in origin, and can be traced back to 2010. (Citation: Operation Hangover May 2013)","['MONSOON', 'Operation Hangover']","['marking-definition--fa42a846-8d90-4e51-bc29-71d5b4802168']","[{'source_name': 'mitre-attack', 'url': 'https://attack.mitre.org/wiki/Group/G0042', 'external_id': 'G0042'}, {'source_name': 'Forcepoint Monsoon', 'description': 'Settle, A., et al. (2016, August 8). MONSOON - Analysis Of An APT Campaign. Retrieved September 22, 2016.', 'url': 'https://www.forcepoint.com/sites/default/files/resources/files/forcepoint-security-labs-monsoon-analysis-report.pdf'}, {'source_name': 'Operation Hangover May 2013', 'description': 'Fagerland, S., et al. (2013, May). Operation Hangover: Unveiling an Indian Cyberattack Infrastructure. Retrieved September 26, 2016.', 'url': 'http://enterprise-manage.norman.c.bitbit.net/resources/files/Unveiling%20an%20Indian%20Cyberattack%20Infrastructure.pdf'}]","2.1","2.1.0","['enterprise-attack']","identity--c78cb6e5-0c4b-4611-8297-d1b8b55e40b5","1.0",""
"intrusion-set","intrusion-set--f9d6633a-55e6-4adc-9263-6ae080421a13","2018-01-16T16:13:52.465Z","2018-01-17T12:56:55.080Z","identity--c78cb6e5-0c4b-4611-8297-d1b8b55e40b5","Magic Hound","Magic Hound is an espionage campaign operating primarily in the Middle East that dates back to at least mid-2016. The group behind the campaign has primarily targeted organizations in the energy, government, and technology sectors that are either based or have business interests in Saudi Arabia. (Citation: Unit 42 Magic Hound Feb 2017)

Contributors: Bryan Lee","['Magic Hound', 'Rocket Kitten', 'Operation Saffron Rose', 'Ajax Security Team', 'Operation Woolen-Goldfish', 'Newscaster', 'Cobalt Gypsy']","['marking-definition--fa42a846-8d90-4e51-bc29-71d5b4802168']","[{'source_name': 'mitre-attack', 'url': 'https://attack.mitre.org/wiki/Group/G0059', 'external_id': 'G0059'}, {'source_name': 'Unit 42 Magic Hound Feb 2017', 'description': 'Lee, B. and Falcone, R. (2017, February 15). Magic Hound Campaign Attacks Saudi Targets. Retrieved December 27, 2017.', 'url': 'https://researchcenter.paloaltonetworks.com/2017/02/unit42-magic-hound-campaign-attacks-saudi-targets/'}]","2.1","2.1.0","['enterprise-attack']","identity--c78cb6e5-0c4b-4611-8297-d1b8b55e40b5","1.0","['Bryan Lee']"
"intrusion-set","intrusion-set--2e5d3a83-fe00-41a5-9b60-237efc84832f","2017-05-31T21:31:46.025Z","2018-01-17T12:56:55.080Z","identity--c78cb6e5-0c4b-4611-8297-d1b8b55e40b5","Moafee","Moafee is a threat group that appears to operate from the Guandong Province of China. Due to overlapping TTPs, including similar custom tools, Moafee is thought to have a direct or indirect relationship with the threat group DragonOK. (Citation: Haq 2014)","['Moafee']","['marking-definition--fa42a846-8d90-4e51-bc29-71d5b4802168']","[{'source_name': 'mitre-attack', 'url': 'https://attack.mitre.org/wiki/Group/G0002', 'external_id': 'G0002'}, {'source_name': 'Haq 2014', 'description': 'Haq, T., Moran, N., Scott, M., & Vashisht, S. O. (2014, September 10). The Path to Mass-Producing Cyber Attacks &#91;Blog&#93;. Retrieved November 12, 2014.', 'url': 'https://www.fireeye.com/blog/threat-research/2014/09/the-path-to-mass-producing-cyber-attacks.html'}]","2.1","2.1.0","['enterprise-attack']","identity--c78cb6e5-0c4b-4611-8297-d1b8b55e40b5","1.0",""
"intrusion-set","intrusion-set--df71bb3b-813c-45eb-a8bc-f2a419837411","2017-05-31T21:31:55.093Z","2018-01-17T12:56:55.080Z","identity--c78cb6e5-0c4b-4611-8297-d1b8b55e40b5","Molerats","Molerats is a politically-motivated threat group that has been operating since 2012. The group's victims have primarily been in the Middle East, Europe, and the United States. (Citation: DustySky) (Citation: DustySky)2","['Molerats', 'Operation Molerats', 'Gaza Cybergang']","['marking-definition--fa42a846-8d90-4e51-bc29-71d5b4802168']","[{'source_name': 'mitre-attack', 'url': 'https://attack.mitre.org/wiki/Group/G0021', 'external_id': 'G0021'}, {'source_name': 'DustySky', 'description': 'ClearSky. (2016, January 7). Operation DustySky. Retrieved January 8, 2016.'}]","2.1","2.1.0","['enterprise-attack']","identity--c78cb6e5-0c4b-4611-8297-d1b8b55e40b5","1.0",""
"intrusion-set","intrusion-set--025bdaa9-897d-4bad-afa6-013ba5734653","2018-01-16T16:13:52.465Z","2018-01-17T12:56:55.080Z","identity--c78cb6e5-0c4b-4611-8297-d1b8b55e40b5","NEODYMIUM","is an activity group that conducted a campaign in May 2016 and has heavily targeted Turkish victims. The group has demonstrated similarity to another activity group called  due to overlapping victim and campaign characteristics. (Citation: Microsoft NEODYMIUM Dec 2016) (Citation: Microsoft SIR Vol 21)","['NEODYMIUM']","['marking-definition--fa42a846-8d90-4e51-bc29-71d5b4802168']","[{'source_name': 'mitre-attack', 'url': 'https://attack.mitre.org/wiki/Group/G0055', 'external_id': 'G0055'}, {'source_name': 'Microsoft NEODYMIUM Dec 2016', 'description': 'Microsoft. (2016, December 14). Twin zero-day attacks: PROMETHIUM and NEODYMIUM target individuals in Europe. Retrieved November 27, 2017.', 'url': 'https://blogs.technet.microsoft.com/mmpc/2016/12/14/twin-zero-day-attacks-promethium-and-neodymium-target-individuals-in-europe/'}, {'source_name': 'Microsoft SIR Vol 21', 'description': 'Anthe, C. et al. (2016, December 14). Microsoft Security Intelligence Report Volume 21. Retrieved November 27, 2017.', 'url': 'http://download.microsoft.com/download/E/B/0/EB0F50CC-989C-4B66-B7F6-68CD3DC90DE3/Microsoft%20Security%20Intelligence%20Report%20Volume%2021%20English.pdf'}]","2.1","2.1.0","['enterprise-attack']","identity--c78cb6e5-0c4b-4611-8297-d1b8b55e40b5","1.0",""
"intrusion-set","intrusion-set--2a158b0a-7ef8-43cb-9985-bf34d1e12050","2017-05-31T21:31:54.232Z","2018-01-17T12:56:55.080Z","identity--c78cb6e5-0c4b-4611-8297-d1b8b55e40b5","Naikon","Naikon is a threat group that has focused on targets around the South China Sea. (Citation: Baumgartner Naikon 2015) The group has been attributed to the Chinese People’s Liberation Army’s (PLA) Chengdu Military Region Second Technical Reconnaissance Bureau (Military Unit Cover Designator 78020). (Citation: CameraShy) While Naikon shares some characteristics with APT30, the two groups do not appear to be exact matches. (Citation: Baumgartner Golovkin Naikon 2015)","['Naikon']","['marking-definition--fa42a846-8d90-4e51-bc29-71d5b4802168']","[{'source_name': 'mitre-attack', 'url': 'https://attack.mitre.org/wiki/Group/G0019', 'external_id': 'G0019'}, {'source_name': 'Baumgartner Naikon 2015', 'description': 'Baumgartner, K., Golovkin, M.. (2015, May). The MsnMM Campaigns: The Earliest Naikon APT Campaigns. Retrieved December 17, 2015.', 'url': 'https://securelist.com/files/2015/05/TheNaikonAPT-MsnMM1.pdf'}, {'source_name': 'CameraShy', 'description': ""ThreatConnect Inc. and Defense Group Inc. (DGI). (2015, September 23). Project CameraShy: Closing the Aperture on China's Unit 78020. Retrieved December 17, 2015."", 'url': 'http://cdn2.hubspot.net/hubfs/454298/Project%20CAMERASHY%20ThreatConnect%20Copyright%202015.pdf'}, {'source_name': 'Baumgartner Golovkin Naikon 2015', 'description': 'Baumgartner, K., Golovkin, M.. (2015, May 14). The Naikon APT. Retrieved January 14, 2015.', 'url': 'https://securelist.com/the-naikon-apt/69953/'}]","2.1","2.1.0","['enterprise-attack']","identity--c78cb6e5-0c4b-4611-8297-d1b8b55e40b5","1.0",""
"intrusion-set","intrusion-set--23b6a0f5-fa95-46f9-a6f3-4549c5e45ec8","2017-05-31T21:31:51.643Z","2018-01-17T12:56:55.080Z","identity--c78cb6e5-0c4b-4611-8297-d1b8b55e40b5","Night Dragon","Night Dragon is a threat group that has conducted activity originating primarily in China. (Citation: McAfee Night Dragon)","['Night Dragon']","['marking-definition--fa42a846-8d90-4e51-bc29-71d5b4802168']","[{'source_name': 'mitre-attack', 'url': 'https://attack.mitre.org/wiki/Group/G0014', 'external_id': 'G0014'}, {'source_name': 'McAfee Night Dragon', 'description': 'McAfee® Foundstone® Professional Services and McAfee Labs™. (2011, February 10). Global Energy Cyberattacks: “Night Dragon”. Retrieved March 4, 2015.', 'url': 'http://www.mcafee.com/us/resources/white-papers/wp-global-energy-cyberattacks-night-dragon.pdf'}]","2.1","2.1.0","['enterprise-attack']","identity--c78cb6e5-0c4b-4611-8297-d1b8b55e40b5","1.0",""
"intrusion-set","intrusion-set--4ca1929c-7d64-4aab-b849-badbfc0c760d","2017-12-14T16:46:06.044Z","2018-01-17T12:56:55.080Z","identity--c78cb6e5-0c4b-4611-8297-d1b8b55e40b5","OilRig","OilRig is a threat group with suspected Iranian origins that has targeted Middle Eastern and international victims since at least 2015. It appears the group carries out supply chain attacks, leveraging the trust relationship between organizations to attack their primary targets. (Citation: Palo Alto OilRig April 2017) (Citation: ClearSky OilRig Jan 2017) (Citation: Palo Alto OilRig May 2016) (Citation: Palo Alto OilRig Oct 2016) (Citation: Unit 42 Playbook OilRig Dec 2017) Reporting on OilRig may loosely overlap with APT34, but may not wholly align due to companies tracking groups in different ways. (Citation: FireEye APT34 Dec 2017)

Contributors: Robert Falcone, Bryan Lee","['OilRig']","['marking-definition--fa42a846-8d90-4e51-bc29-71d5b4802168']","[{'source_name': 'mitre-attack', 'url': 'https://attack.mitre.org/wiki/Group/G0049', 'external_id': 'G0049'}, {'source_name': 'Palo Alto OilRig April 2017', 'description': 'Falcone, R.. (2017, April 27). OilRig Actors Provide a Glimpse into Development and Testing Efforts. Retrieved May 3, 2017.', 'url': 'http://researchcenter.paloaltonetworks.com/2017/04/unit42-oilrig-actors-provide-glimpse-development-testing-efforts/'}, {'source_name': 'ClearSky OilRig Jan 2017', 'description': 'ClearSky Cybersecurity. (2017, January 5). Iranian Threat Agent OilRig Delivers Digitally Signed Malware, Impersonates University of Oxford. Retrieved May 3, 2017.', 'url': 'http://www.clearskysec.com/oilrig/'}, {'source_name': 'Palo Alto OilRig May 2016', 'description': 'Falcone, R. and Lee, B.. (2016, May 26). The OilRig Campaign: Attacks on Saudi Arabian Organizations Deliver Helminth Backdoor. Retrieved May 3, 2017.', 'url': 'http://researchcenter.paloaltonetworks.com/2016/05/the-oilrig-campaign-attacks-on-saudi-arabian-organizations-deliver-helminth-backdoor/'}, {'source_name': 'Palo Alto OilRig Oct 2016', 'description': 'Grunzweig, J. and Falcone, R.. (2016, October 4). OilRig Malware Campaign Updates Toolset and Expands Targets. Retrieved May 3, 2017.', 'url': 'http://researchcenter.paloaltonetworks.com/2016/10/unit42-oilrig-malware-campaign-updates-toolset-and-expands-targets/'}, {'source_name': 'Unit 42 Playbook OilRig Dec 2017', 'description': 'Unit 42. (2017, December 15). Unit 42 Playbook Viewer - Oil Rig. Retrieved December 20, 2017.', 'url': 'https://pan-unit42.github.io/playbook%20viewer/'}, {'source_name': 'FireEye APT34 Dec 2017', 'description': 'Sardiwal, M, et al. (2017, December 7). New Targeted Attack in the Middle East by APT34, a Suspected Iranian Threat Group, Using CVE-2017-11882 Exploit. Retrieved December 20, 2017.', 'url': 'https://www.fireeye.com/blog/threat-research/2017/12/targeted-attack-in-middle-east-by-apt34.html'}]","2.1","2.1.0","['enterprise-attack']","identity--c78cb6e5-0c4b-4611-8297-d1b8b55e40b5","1.0","['Robert Falcone', 'Bryan Lee']"
"intrusion-set","intrusion-set--efed95ba-d7e8-47ff-8c53-99c42426ee7c","2018-01-16T16:13:52.465Z","2018-01-17T12:56:55.080Z","identity--c78cb6e5-0c4b-4611-8297-d1b8b55e40b5","PROMETHIUM","is an activity group that has been active since at least 2012. The group conducted a campaign in May 2016 and has heavily targeted Turkish victims.  has demonstrated similarity to another activity group called NEODYMIUM due to overlapping victim and campaign characteristics. (Citation: Microsoft NEODYMIUM Dec 2016) (Citation: Microsoft SIR Vol 21)","['PROMETHIUM']","['marking-definition--fa42a846-8d90-4e51-bc29-71d5b4802168']","[{'source_name': 'mitre-attack', 'url': 'https://attack.mitre.org/wiki/Group/G0056', 'external_id': 'G0056'}, {'source_name': 'Microsoft NEODYMIUM Dec 2016', 'description': 'Microsoft. (2016, December 14). Twin zero-day attacks: PROMETHIUM and NEODYMIUM target individuals in Europe. Retrieved November 27, 2017.', 'url': 'https://blogs.technet.microsoft.com/mmpc/2016/12/14/twin-zero-day-attacks-promethium-and-neodymium-target-individuals-in-europe/'}, {'source_name': 'Microsoft SIR Vol 21', 'description': 'Anthe, C. et al. (2016, December 14). Microsoft Security Intelligence Report Volume 21. Retrieved November 27, 2017.', 'url': 'http://download.microsoft.com/download/E/B/0/EB0F50CC-989C-4B66-B7F6-68CD3DC90DE3/Microsoft%20Security%20Intelligence%20Report%20Volume%2021%20English.pdf'}]","2.1","2.1.0","['enterprise-attack']","identity--c78cb6e5-0c4b-4611-8297-d1b8b55e40b5","1.0",""
"intrusion-set","intrusion-set--17862c7d-9e60-48a0-b48e-da4dc4c3f6b0","2017-05-31T21:32:07.145Z","2018-01-17T12:56:55.080Z","identity--c78cb6e5-0c4b-4611-8297-d1b8b55e40b5","Patchwork","Patchwork is a threat group that was first observed in December 2015. While the group has not been definitively attributed, circumstantial evidence suggests the group may be a pro-Indian or Indian entity. Much of the code used by this group was copied and pasted from online forums. (Citation: Cymmetria Patchwork) (Citation: Symantec Patchwork)","['Patchwork', 'Dropping Elephant', 'Chinastrats']","['marking-definition--fa42a846-8d90-4e51-bc29-71d5b4802168']","[{'source_name': 'mitre-attack', 'url': 'https://attack.mitre.org/wiki/Group/G0040', 'external_id': 'G0040'}, {'source_name': 'Cymmetria Patchwork', 'description': 'Cymmetria. (2016). Unveiling Patchwork - The Copy-Paste APT. Retrieved August 3, 2016.', 'url': 'https://s3-us-west-2.amazonaws.com/cymmetria-blog/public/Unveiling%20Patchwork.pdf'}, {'source_name': 'Symantec Patchwork', 'description': 'Hamada, J.. (2016, July 25). Patchwork cyberespionage group expands targets from governments to wide range of industries. Retrieved August 17, 2016.', 'url': 'http://www.symantec.com/connect/blogs/patchwork-cyberespionage-group-expands-targets-governments-wide-range-industries'}]","2.1","2.1.0","['enterprise-attack']","identity--c78cb6e5-0c4b-4611-8297-d1b8b55e40b5","1.0",""
"intrusion-set","intrusion-set--fe98767f-9df8-42b9-83c9-004b1dec8647","2017-05-31T21:31:50.198Z","2018-01-17T12:56:55.080Z","identity--c78cb6e5-0c4b-4611-8297-d1b8b55e40b5","PittyTiger","PittyTiger is a threat group believed to operate out of China that uses multiple different types of malware to maintain command and control. (Citation: Bizeul 2014) (Citation: Villeneuve 2014)","['PittyTiger']","['marking-definition--fa42a846-8d90-4e51-bc29-71d5b4802168']","[{'source_name': 'mitre-attack', 'url': 'https://attack.mitre.org/wiki/Group/G0011', 'external_id': 'G0011'}, {'source_name': 'Bizeul 2014', 'description': 'Bizeul, D., Fontarensky, I., Mouchoux, R., Perigaud, F., Pernet, C. (2014, July 11). Eye of the Tiger. Retrieved September 29, 2015.', 'url': 'http://blog.cassidiancybersecurity.com/post/2014/07/The-Eye-of-the-Tiger2'}, {'source_name': 'Villeneuve 2014', 'description': 'Villeneuve, N., Homan, J. (2014, July 31). Spy of the Tiger. Retrieved September 29, 2015.', 'url': 'https://www.fireeye.com/blog/threat-research/2014/07/spy-of-the-tiger.html'}]","2.1","2.1.0","['enterprise-attack']","identity--c78cb6e5-0c4b-4611-8297-d1b8b55e40b5","1.0",""
"intrusion-set","intrusion-set--7ecc3b4f-5cdb-457e-b55a-df376b359446","2017-05-31T21:32:04.179Z","2018-01-17T12:56:55.080Z","identity--c78cb6e5-0c4b-4611-8297-d1b8b55e40b5","Poseidon Group","Poseidon Group is a Portuguese-speaking threat group that has been active since at least 2005. The group has a history of using information exfiltrated from victims to blackmail victim companies into contracting the Poseidon Group as a security firm. (Citation: Kaspersky Poseidon Group)","['Poseidon Group']","['marking-definition--fa42a846-8d90-4e51-bc29-71d5b4802168']","[{'source_name': 'mitre-attack', 'url': 'https://attack.mitre.org/wiki/Group/G0033', 'external_id': 'G0033'}, {'source_name': 'Kaspersky Poseidon Group', 'description': ""Kaspersky Lab's Global Research and Analysis Team. (2016, February 9). Poseidon Group: a Targeted Attack Boutique specializing in global cyber-espionage. Retrieved March 16, 2016."", 'url': 'https://securelist.com/poseidon-group-a-targeted-attack-boutique-specializing-in-global-cyber-espionage/73673/'}]","2.1","2.1.0","['enterprise-attack']","identity--c78cb6e5-0c4b-4611-8297-d1b8b55e40b5","1.0",""
"intrusion-set","intrusion-set--5ce5392a-3a6c-4e07-9df3-9b6a9159ac45","2017-05-31T21:31:56.785Z","2018-01-17T12:56:55.080Z","identity--c78cb6e5-0c4b-4611-8297-d1b8b55e40b5","Putter Panda","Putter Panda is a Chinese threat group that has been attributed to Unit 61486 of the 12th Bureau of the PLA’s 3rd General Staff Department (GSD). (Citation: CrowdStrike Putter Panda)","['Putter Panda', 'APT2', 'MSUpdater']","['marking-definition--fa42a846-8d90-4e51-bc29-71d5b4802168']","[{'source_name': 'mitre-attack', 'url': 'https://attack.mitre.org/wiki/Group/G0024', 'external_id': 'G0024'}, {'source_name': 'CrowdStrike Putter Panda', 'description': 'Crowdstrike Global Intelligence Team. (2014, June 9). CrowdStrike Intelligence Report: Putter Panda. Retrieved January 22, 2016.', 'url': 'http://cdn0.vox-cdn.com/assets/4589853/crowdstrike-intelligence-report-putter-panda.original.pdf'}]","2.1","2.1.0","['enterprise-attack']","identity--c78cb6e5-0c4b-4611-8297-d1b8b55e40b5","1.0",""
"intrusion-set","intrusion-set--c416b28c-103b-4df1-909e-78089a7e0e5f","2017-05-31T21:32:10.206Z","2018-01-17T12:56:55.080Z","identity--c78cb6e5-0c4b-4611-8297-d1b8b55e40b5","RTM","RTM is a cybercriminal group that has been active since at least 2015 and is primarily interested in users of remote banking systems in Russia and neighboring countries. The group uses a Trojan by the same name (RTM). (Citation: ESET RTM Feb 2017)","['RTM']","['marking-definition--fa42a846-8d90-4e51-bc29-71d5b4802168']","[{'source_name': 'mitre-attack', 'url': 'https://attack.mitre.org/wiki/Group/G0048', 'external_id': 'G0048'}, {'source_name': 'ESET RTM Feb 2017', 'description': 'Faou, M. and Boutin, J.. (2017, February). Read The Manual: A Guide to the RTM Banking Trojan. Retrieved March 9, 2017.', 'url': 'https://www.welivesecurity.com/wp-content/uploads/2017/02/Read-The-Manual.pdf'}]","2.1","2.1.0","['enterprise-attack']","identity--c78cb6e5-0c4b-4611-8297-d1b8b55e40b5","1.0",""
"intrusion-set","intrusion-set--381fcf73-60f6-4ab2-9991-6af3cbc35192","2017-05-31T21:32:04.588Z","2018-01-17T12:56:55.080Z","identity--c78cb6e5-0c4b-4611-8297-d1b8b55e40b5","Sandworm Team","Sandworm Team is a cyber espionage group that has operated since approximately 2009 and has been attributed to Russia. (Citation: iSIGHT Sandworm 2014)","['Sandworm Team', 'Quedagh']","['marking-definition--fa42a846-8d90-4e51-bc29-71d5b4802168']","[{'source_name': 'mitre-attack', 'url': 'https://attack.mitre.org/wiki/Group/G0034', 'external_id': 'G0034'}, {'source_name': 'iSIGHT Sandworm 2014', 'description': 'Hultquist, J.. (2016, January 7). Sandworm Team and the Ukrainian Power Authority Attacks. Retrieved October 6, 2017.', 'url': 'https://www.fireeye.com/blog/threat-research/2016/01/ukraine-and-sandworm-team.html'}]","2.1","2.1.0","['enterprise-attack']","identity--c78cb6e5-0c4b-4611-8297-d1b8b55e40b5","1.0",""
"intrusion-set","intrusion-set--c5574ca0-d5a4-490a-b207-e4658e5fd1d7","2017-05-31T21:32:00.677Z","2018-01-17T12:56:55.080Z","identity--c78cb6e5-0c4b-4611-8297-d1b8b55e40b5","Scarlet Mimic","Scarlet Mimic is a threat group that has targeted minority rights activists. This group has not been directly linked to a government source, but the group's motivations appear to overlap with those of the Chinese government. While there is some overlap between IP addresses used by Scarlet Mimic and Putter Panda, it has not been concluded that the groups are the same. (Citation: Scarlet Mimic Jan 2016)","['Scarlet Mimic']","['marking-definition--fa42a846-8d90-4e51-bc29-71d5b4802168']","[{'source_name': 'mitre-attack', 'url': 'https://attack.mitre.org/wiki/Group/G0029', 'external_id': 'G0029'}, {'source_name': 'Scarlet Mimic Jan 2016', 'description': 'Falcone, R. and Miller-Osborn, J.. (2016, January 24). Scarlet Mimic: Years-Long Espionage Campaign Targets Minority Activists. Retrieved February 10, 2016.', 'url': 'http://researchcenter.paloaltonetworks.com/2016/01/scarlet-mimic-years-long-espionage-targets-minority-activists/'}]","2.1","2.1.0","['enterprise-attack']","identity--c78cb6e5-0c4b-4611-8297-d1b8b55e40b5","1.0",""
"intrusion-set","intrusion-set--d1acfbb3-647b-4723-9154-800ec119006e","2018-01-16T16:13:52.465Z","2018-01-17T12:56:55.080Z","identity--c78cb6e5-0c4b-4611-8297-d1b8b55e40b5","Sowbug","is a threat group that has conducted targeted attacks against organizations in South America and Southeast Asia, particularly government entities, since at least 2015. (Citation: Symantec Sowbug Nov 2017)

Contributors: Alan Neville, @abnev","['Sowbug']","['marking-definition--fa42a846-8d90-4e51-bc29-71d5b4802168']","[{'source_name': 'mitre-attack', 'url': 'https://attack.mitre.org/wiki/Group/G0054', 'external_id': 'G0054'}, {'source_name': 'Symantec Sowbug Nov 2017', 'description': 'Symantec Security Response. (2017, November 7). Sowbug: Cyber espionage group targets South American and Southeast Asian governments. Retrieved November 16, 2017.', 'url': 'https://www.symantec.com/connect/blogs/sowbug-cyber-espionage-group-targets-south-american-and-southeast-asian-governments'}]","2.1","2.1.0","['enterprise-attack']","identity--c78cb6e5-0c4b-4611-8297-d1b8b55e40b5","1.0","['Alan Neville, @abnev']"
"intrusion-set","intrusion-set--894aab42-3371-47b1-8859-a4a074c804c8","2017-05-31T21:32:06.390Z","2018-01-17T12:56:55.080Z","identity--c78cb6e5-0c4b-4611-8297-d1b8b55e40b5","Stealth Falcon","Stealth Falcon is a threat group that has conducted targeted spyware attacks against Emirati journalists, activists, and dissidents since at least 2012. Circumstantial evidence suggests there could be a link between this group and the United Arab Emirates (UAE) government, but that has not been confirmed. (Citation: Citizen Lab Stealth Falcon May 2016)","['Stealth Falcon']","['marking-definition--fa42a846-8d90-4e51-bc29-71d5b4802168']","[{'source_name': 'mitre-attack', 'url': 'https://attack.mitre.org/wiki/Group/G0038', 'external_id': 'G0038'}, {'source_name': 'Citizen Lab Stealth Falcon May 2016', 'description': 'Marczak, B. and Scott-Railton, J.. (2016, May 29). Keep Calm and (Don’t) Enable Macros: A New Threat Actor Targets UAE Dissidents. Retrieved June 8, 2016.', 'url': 'https://citizenlab.org/2016/05/stealth-falcon/'}]","2.1","2.1.0","['enterprise-attack']","identity--c78cb6e5-0c4b-4611-8297-d1b8b55e40b5","1.0",""
"intrusion-set","intrusion-set--277d2f87-2ae5-4730-a3aa-50c1fdff9656","2017-05-31T21:32:07.541Z","2018-01-17T12:56:55.080Z","identity--c78cb6e5-0c4b-4611-8297-d1b8b55e40b5","Strider","Strider is a threat group that has been active since at least 2011 and has targeted victims in Russia, China, Sweden, Belgium, Iran, and Rwanda. (Citation: Symantec Strider Blog) (Citation: Kaspersky ProjectSauron Blog)","['Strider', 'ProjectSauron']","['marking-definition--fa42a846-8d90-4e51-bc29-71d5b4802168']","[{'source_name': 'mitre-attack', 'url': 'https://attack.mitre.org/wiki/Group/G0041', 'external_id': 'G0041'}, {'source_name': 'Symantec Strider Blog', 'description': 'Symantec Security Response. (2016, August 7). Strider: Cyberespionage group turns eye of Sauron on targets. Retrieved August 17, 2016.', 'url': 'http://www.symantec.com/connect/blogs/strider-cyberespionage-group-turns-eye-sauron-targets'}, {'source_name': 'Kaspersky ProjectSauron Blog', 'description': ""Kaspersky Lab's Global Research & Analysis Team. (2016, August 8). ProjectSauron: top level cyber-espionage platform covertly extracts encrypted government comms. Retrieved August 17, 2016."", 'url': 'https://securelist.com/faq-the-projectsauron-apt/75533/'}]","2.1","2.1.0","['enterprise-attack']","identity--c78cb6e5-0c4b-4611-8297-d1b8b55e40b5","1.0",""
"intrusion-set","intrusion-set--5cbe0d3b-6fb1-471f-b591-4b192915116d","2017-05-31T21:32:06.777Z","2018-01-17T12:56:55.080Z","identity--c78cb6e5-0c4b-4611-8297-d1b8b55e40b5","Suckfly","Suckfly is a China-based threat group that has been active since at least 2014. (Citation: Symantec Suckfly March 2016)","['Suckfly']","['marking-definition--fa42a846-8d90-4e51-bc29-71d5b4802168']","[{'source_name': 'mitre-attack', 'url': 'https://attack.mitre.org/wiki/Group/G0039', 'external_id': 'G0039'}, {'source_name': 'Symantec Suckfly March 2016', 'description': 'DiMaggio, J.. (2016, March 15). Suckfly: Revealing the secret life of your code signing certificates. Retrieved August 3, 2016.', 'url': 'http://www.symantec.com/connect/blogs/suckfly-revealing-secret-life-your-code-signing-certificates'}]","2.1","2.1.0","['enterprise-attack']","identity--c78cb6e5-0c4b-4611-8297-d1b8b55e40b5","1.0",""
"intrusion-set","intrusion-set--59140a2e-d117-4206-9b2c-2a8662bd9d46","2017-05-31T21:31:52.018Z","2018-01-17T12:56:55.080Z","identity--c78cb6e5-0c4b-4611-8297-d1b8b55e40b5","Taidoor","Taidoor is a threat group that has operated since at least 2009 and has primarily targeted the Taiwanese government. (Citation: TrendMicro Taidoor)","['Taidoor']","['marking-definition--fa42a846-8d90-4e51-bc29-71d5b4802168']","[{'source_name': 'mitre-attack', 'url': 'https://attack.mitre.org/wiki/Group/G0015', 'external_id': 'G0015'}, {'source_name': 'TrendMicro Taidoor', 'description': 'Trend Micro. (2012). The Taidoor Campaign. Retrieved November 12, 2014.', 'url': 'http://www.trendmicro.com/cloud-content/us/pdfs/security-intelligence/white-papers/wp%20the%20taidoor%20campaign.pdf'}]","2.1","2.1.0","['enterprise-attack']","identity--c78cb6e5-0c4b-4611-8297-d1b8b55e40b5","1.0",""
"intrusion-set","intrusion-set--d519164e-f5fa-4b8c-a1fb-cf0172ad0983","2017-05-31T21:31:59.120Z","2018-01-17T12:56:55.080Z","identity--c78cb6e5-0c4b-4611-8297-d1b8b55e40b5","Threat Group-1314","Threat Group-1314 is an unattributed threat group that has used compromised credentials to log into a victim's remote access infrastructure. (Citation: Dell TG-1314)","['Threat Group-1314', 'TG-1314']","['marking-definition--fa42a846-8d90-4e51-bc29-71d5b4802168']","[{'source_name': 'mitre-attack', 'url': 'https://attack.mitre.org/wiki/Group/G0028', 'external_id': 'G0028'}, {'source_name': 'Dell TG-1314', 'description': 'Dell SecureWorks Counter Threat Unit Special Operations Team. (2015, May 28). Living off the Land. Retrieved January 26, 2016.', 'url': 'http://www.secureworks.com/resources/blog/living-off-the-land/'}]","2.1","2.1.0","['enterprise-attack']","identity--c78cb6e5-0c4b-4611-8297-d1b8b55e40b5","1.0",""
"intrusion-set","intrusion-set--fb366179-766c-4a4a-afa1-52bff1fd601c","2017-05-31T21:31:58.518Z","2018-01-17T12:56:55.080Z","identity--c78cb6e5-0c4b-4611-8297-d1b8b55e40b5","Threat Group-3390","Threat Group-3390 is a Chinese threat group that has extensively used strategic Web compromises to target victims. (Citation: Dell TG-3390) The group has targeted organizations in the aerospace, government, defense, technology, energy, and manufacturing sectors. (Citation: SecureWorks BRONZE UNION June 2017)","['Threat Group-3390', 'TG-3390', 'Emissary Panda', 'BRONZE UNION']","['marking-definition--fa42a846-8d90-4e51-bc29-71d5b4802168']","[{'source_name': 'mitre-attack', 'url': 'https://attack.mitre.org/wiki/Group/G0027', 'external_id': 'G0027'}, {'source_name': 'Dell TG-3390', 'description': 'Dell SecureWorks Counter Threat Unit Threat Intelligence. (2015, August 5). Threat Group-3390 Targets Organizations for Cyberespionage. Retrieved January 25, 2016.', 'url': 'http://www.secureworks.com/cyber-threat-intelligence/threats/threat-group-3390-targets-organizations-for-cyberespionage/'}, {'source_name': 'SecureWorks BRONZE UNION June 2017', 'description': 'Counter Threat Unit Research Team. (2017, June 27). BRONZE UNION Cyberespionage Persists Despite Disclosures. Retrieved July 13, 2017.', 'url': 'https://www.secureworks.com/research/bronze-union'}]","2.1","2.1.0","['enterprise-attack']","identity--c78cb6e5-0c4b-4611-8297-d1b8b55e40b5","1.0",""
"intrusion-set","intrusion-set--7a19ecb1-3c65-4de3-a230-993516aed6a6","2017-05-31T21:31:49.816Z","2018-01-17T12:56:55.080Z","identity--c78cb6e5-0c4b-4611-8297-d1b8b55e40b5","Turla","Turla is a threat group that has infected victims in over 45 countries, spanning a range of industries including government, embassies, military, education, research and pharmaceutical companies. They are known for conducting watering hole and spearphishing campaigns. (Citation: Kaspersky Turla) (Citation: ESET Gazer Aug 2017)","['Turla', 'Waterbug', 'WhiteBear']","['marking-definition--fa42a846-8d90-4e51-bc29-71d5b4802168']","[{'source_name': 'mitre-attack', 'url': 'https://attack.mitre.org/wiki/Group/G0010', 'external_id': 'G0010'}, {'source_name': 'Kaspersky Turla', 'description': ""Kaspersky Lab's Global Research and Analysis Team. (2014, August 7). The Epic Turla Operation: Solving some of the mysteries of Snake/Uroburos. Retrieved December 11, 2014."", 'url': 'https://securelist.com/the-epic-turla-operation/65545/'}, {'source_name': 'ESET Gazer Aug 2017', 'description': 'ESET. (2017, August). Gazing at Gazer: Turla’s new second stage backdoor. Retrieved September 14, 2017.', 'url': 'https://www.welivesecurity.com/wp-content/uploads/2017/08/eset-gazer.pdf'}]","2.1","2.1.0","['enterprise-attack']","identity--c78cb6e5-0c4b-4611-8297-d1b8b55e40b5","1.0",""
"intrusion-set","intrusion-set--c5947e1c-1cbc-434c-94b8-27c7e3be0fff","2017-05-31T21:32:08.682Z","2018-01-17T12:56:55.080Z","identity--c78cb6e5-0c4b-4611-8297-d1b8b55e40b5","Winnti Group","Winnti Group is a threat group with Chinese origins that has been active since at least 2010. The group has heavily targeted the gaming industry, but it has also expanded the scope of its targeting. Though both this group and Axiom use the malware Winnti, the two groups appear to be distinct based on differences in reporting on the groups' TTPs and targeting. (Citation: Kaspersky Winnti April 2013) (Citation: Kaspersky Winnti June 2015) (Citation: Novetta Winnti April 2015)","['Winnti Group', 'Blackfly']","['marking-definition--fa42a846-8d90-4e51-bc29-71d5b4802168']","[{'source_name': 'mitre-attack', 'url': 'https://attack.mitre.org/wiki/Group/G0044', 'external_id': 'G0044'}, {'source_name': 'Kaspersky Winnti April 2013', 'description': ""Kaspersky Lab's Global Research and Analysis Team. (2013, April 11). Winnti. More than just a game. Retrieved February 8, 2017."", 'url': 'https://kasperskycontenthub.com/wp-content/uploads/sites/43/vlpdfs/winnti-more-than-just-a-game-130410.pdf'}, {'source_name': 'Kaspersky Winnti June 2015', 'description': 'Tarakanov, D. (2015, June 22). Games are over: Winnti is now targeting pharmaceutical companies. Retrieved January 14, 2016.', 'url': 'https://securelist.com/games-are-over/70991/'}, {'source_name': 'Novetta Winnti April 2015', 'description': 'Novetta Threat Research Group. (2015, April 7). Winnti Analysis. Retrieved February 8, 2017.', 'url': 'http://www.novetta.com/wp-content/uploads/2015/04/novetta%20winntianalysis.pdf'}]","2.1","2.1.0","['enterprise-attack']","identity--c78cb6e5-0c4b-4611-8297-d1b8b55e40b5","1.0",""
"intrusion-set","intrusion-set--16ade1aa-0ea1-4bb7-88cc-9079df2ae756","2017-05-31T21:31:53.579Z","2018-01-17T12:56:55.080Z","identity--c78cb6e5-0c4b-4611-8297-d1b8b55e40b5","admin@338","admin@338 is a China-based cyber threat group. It has previously used newsworthy events as lures to deliver malware and has primarily targeted organizations involved in financial, economic, and trade policy, typically using publicly available RATs such as PoisonIvy, as well as some non-public backdoors. (Citation: FireEye admin@338)","['admin@338']","['marking-definition--fa42a846-8d90-4e51-bc29-71d5b4802168']","[{'source_name': 'mitre-attack', 'url': 'https://attack.mitre.org/wiki/Group/G0018', 'external_id': 'G0018'}, {'source_name': 'FireEye admin@338', 'description': 'FireEye Threat Intelligence. (2015, December 1). China-based Cyber Threat Group Uses Dropbox for Malware Communications and Targets Hong Kong Media Outlets. Retrieved December 4, 2015.', 'url': 'https://www.fireeye.com/blog/threat-research/2015/11/china-based-threat.html'}]","2.1","2.1.0","['enterprise-attack']","identity--c78cb6e5-0c4b-4611-8297-d1b8b55e40b5","1.0",""
"intrusion-set","intrusion-set--222fbd21-fc4f-4b7e-9f85-0e6e3a76c33f","2017-05-31T21:32:09.054Z","2018-01-17T12:56:55.080Z","identity--c78cb6e5-0c4b-4611-8297-d1b8b55e40b5","menuPass","menuPass is a threat group that appears to originate from China and has been active since approximately 2009. The group has targeted healthcare, defense, aerospace, and government sectors, and has targeted Japanese victims since at least 2014. In 2016 and 2017, the group targeted managed IT service providers, manufacturing and mining companies, and a university. (Citation: Palo Alto menuPass Feb 2017) (Citation: Crowdstrike CrowdCast Oct 2013) (Citation: FireEye Poison Ivy) (Citation: PWC Cloud Hopper April 2017) (Citation: FireEye APT10 April 2017)","['menuPass', 'Stone Panda', 'APT10', 'Red Apollo', 'CVNX']","['marking-definition--fa42a846-8d90-4e51-bc29-71d5b4802168']","[{'source_name': 'mitre-attack', 'url': 'https://attack.mitre.org/wiki/Group/G0045', 'external_id': 'G0045'}, {'source_name': 'Palo Alto menuPass Feb 2017', 'description': 'Miller-Osborn, J. and Grunzweig, J.. (2017, February 16). menuPass Returns with New Malware and New Attacks Against Japanese Academics and Organizations. Retrieved March 1, 2017.', 'url': 'http://researchcenter.paloaltonetworks.com/2017/02/unit42-menupass-returns-new-malware-new-attacks-japanese-academics-organizations/'}, {'source_name': 'Crowdstrike CrowdCast Oct 2013', 'description': 'Crowdstrike. (2013, October 16). CrowdCasts Monthly: You Have an Adversary Problem. Retrieved March 1, 2017.', 'url': 'https://www.slideshare.net/CrowdStrike/crowd-casts-monthly-you-have-an-adversary-problem'}, {'source_name': 'FireEye Poison Ivy', 'description': 'FireEye. (2014). POISON IVY: Assessing Damage and Extracting Intelligence. Retrieved November 12, 2014.', 'url': 'https://www.fireeye.com/content/dam/fireeye-www/global/en/current-threats/pdfs/rpt-poison-ivy.pdf'}, {'source_name': 'PWC Cloud Hopper April 2017', 'description': 'PwC and BAE Systems. (2017, April). Operation Cloud Hopper. Retrieved April 5, 2017.', 'url': 'https://www.pwc.co.uk/cyber-security/pdf/cloud-hopper-report-final-v4.pdf'}, {'source_name': 'FireEye APT10 April 2017', 'description': 'FireEye iSIGHT Intelligence. (2017, April 6). APT10 (MenuPass Group): New Tools, Global Campaign Latest Manifestation of Longstanding Threat. Retrieved June 29, 2017.', 'url': 'https://www.fireeye.com/blog/threat-research/2017/04/apt10%20menupass%20grou.html'}]","2.1","2.1.0","['enterprise-attack']","identity--c78cb6e5-0c4b-4611-8297-d1b8b55e40b5","1.0",""
