"type","id","created","modified","created_by_ref","object_marking_refs","name","description","x_mitre_version","x_mitre_data_source_ref","spec_version","x_mitre_attack_spec_version","x_mitre_domains","x_mitre_modified_by_ref"
"x-mitre-data-component","x-mitre-data-component--b9d031bb-d150-4fc6-8025-688201bf3ffd","2021-10-20T15:05:19.271356Z","2021-10-20T15:05:19.271356Z","identity--c78cb6e5-0c4b-4611-8297-d1b8b55e40b5","['marking-definition--fa42a846-8d90-4e51-bc29-71d5b4802168']","Firmware Modification","Changes made to firmware, including its settings and/or data, such as MBR (Master Boot Record) and VBR (Volume Boot Record)","1.0","x-mitre-data-source--ca1cb239-ff6d-4f64-b9d7-41c8556a8b4f","2.1","2.1.0","['enterprise-attack']","identity--c78cb6e5-0c4b-4611-8297-d1b8b55e40b5"
"x-mitre-data-component","x-mitre-data-component--b5d0492b-cda4-421c-8e51-ed2b8d85c5d0","2021-10-20T15:05:19.271456Z","2021-10-20T15:05:19.271456Z","identity--c78cb6e5-0c4b-4611-8297-d1b8b55e40b5","['marking-definition--fa42a846-8d90-4e51-bc29-71d5b4802168']","User Account Metadata","Contextual data about an account, which may include a username, user ID, environmental data, etc.","1.0","x-mitre-data-source--0b4f86ed-f4ab-46a3-8ed1-175be1974da6","2.1","2.1.0","['enterprise-attack']","identity--c78cb6e5-0c4b-4611-8297-d1b8b55e40b5"
"x-mitre-data-component","x-mitre-data-component--deb22295-7e37-4a3b-ac6f-c86666fbe63d","2021-10-20T15:05:19.271482Z","2021-10-20T15:05:19.271482Z","identity--c78cb6e5-0c4b-4611-8297-d1b8b55e40b5","['marking-definition--fa42a846-8d90-4e51-bc29-71d5b4802168']","User Account Creation","Initial construction of a new account (ex: Windows EID 4720 or /etc/passwd logs)","1.0","x-mitre-data-source--0b4f86ed-f4ab-46a3-8ed1-175be1974da6","2.1","2.1.0","['enterprise-attack']","identity--c78cb6e5-0c4b-4611-8297-d1b8b55e40b5"
"x-mitre-data-component","x-mitre-data-component--d6257b8e-869c-41c0-8731-fdca40858a91","2021-10-20T15:05:19.271504Z","2021-10-20T15:05:19.271504Z","identity--c78cb6e5-0c4b-4611-8297-d1b8b55e40b5","['marking-definition--fa42a846-8d90-4e51-bc29-71d5b4802168']","User Account Deletion","Removal of an account (ex: Windows EID 4726 or /var/log access/authentication logs)","1.0","x-mitre-data-source--0b4f86ed-f4ab-46a3-8ed1-175be1974da6","2.1","2.1.0","['enterprise-attack']","identity--c78cb6e5-0c4b-4611-8297-d1b8b55e40b5"
"x-mitre-data-component","x-mitre-data-component--d27b0089-2c39-4b6c-84ff-303e48657e77","2021-10-20T15:05:19.271526Z","2021-10-20T15:05:19.271526Z","identity--c78cb6e5-0c4b-4611-8297-d1b8b55e40b5","['marking-definition--fa42a846-8d90-4e51-bc29-71d5b4802168']","User Account Modification","Changes made to an account, such as permissions and/or membership in specific groups (ex: Windows EID 4738 or /var/log access/authentication logs)","1.0","x-mitre-data-source--0b4f86ed-f4ab-46a3-8ed1-175be1974da6","2.1","2.1.0","['enterprise-attack']","identity--c78cb6e5-0c4b-4611-8297-d1b8b55e40b5"
"x-mitre-data-component","x-mitre-data-component--a953ca55-921a-44f7-9b8d-3d40141aa17e","2021-10-20T15:05:19.271547Z","2021-10-20T15:05:19.271547Z","identity--c78cb6e5-0c4b-4611-8297-d1b8b55e40b5","['marking-definition--fa42a846-8d90-4e51-bc29-71d5b4802168']","User Account Authentication","An attempt by a user to gain access to a network or computing resource, often by providing credentials (ex: Windows EID 4625 or /var/log/auth.log)","1.0","x-mitre-data-source--0b4f86ed-f4ab-46a3-8ed1-175be1974da6","2.1","2.1.0","['enterprise-attack']","identity--c78cb6e5-0c4b-4611-8297-d1b8b55e40b5"
"x-mitre-data-component","x-mitre-data-component--7b375092-3a61-448d-900a-77c9a4bde4dc","2021-10-20T15:05:19.271606Z","2021-10-20T15:05:19.271606Z","identity--c78cb6e5-0c4b-4611-8297-d1b8b55e40b5","['marking-definition--fa42a846-8d90-4e51-bc29-71d5b4802168']","Scheduled Job Metadata","Contextual data about a scheduled job, which may include information such as name, timing, command(s), etc.","1.0","x-mitre-data-source--c9ddfb51-eb45-4e22-b614-44ac1caa7883","2.1","2.1.0","['enterprise-attack']","identity--c78cb6e5-0c4b-4611-8297-d1b8b55e40b5"
"x-mitre-data-component","x-mitre-data-component--f42df6f0-6395-4f0c-9376-525a031f00c3","2021-10-20T15:05:19.271629Z","2021-10-20T15:05:19.271629Z","identity--c78cb6e5-0c4b-4611-8297-d1b8b55e40b5","['marking-definition--fa42a846-8d90-4e51-bc29-71d5b4802168']","Scheduled Job Creation","Initial construction of a new scheduled job (ex: Windows EID 4698 or /var/log cron logs)","1.0","x-mitre-data-source--c9ddfb51-eb45-4e22-b614-44ac1caa7883","2.1","2.1.0","['enterprise-attack']","identity--c78cb6e5-0c4b-4611-8297-d1b8b55e40b5"
"x-mitre-data-component","x-mitre-data-component--faa34cf6-cf32-4dc9-bd6a-8f7a606ff65b","2021-10-20T15:05:19.271671Z","2021-10-20T15:05:19.271671Z","identity--c78cb6e5-0c4b-4611-8297-d1b8b55e40b5","['marking-definition--fa42a846-8d90-4e51-bc29-71d5b4802168']","Scheduled Job Modification","Changes made to a scheduled job, such as modifications to the execution launch (ex: Windows EID 4702 or /var/log cron logs)","1.0","x-mitre-data-source--c9ddfb51-eb45-4e22-b614-44ac1caa7883","2.1","2.1.0","['enterprise-attack']","identity--c78cb6e5-0c4b-4611-8297-d1b8b55e40b5"
"x-mitre-data-component","x-mitre-data-component--93a6e38c-02a5-44d8-9035-b2e08459f31f","2021-10-20T15:05:19.271726Z","2021-10-20T15:05:19.271726Z","identity--c78cb6e5-0c4b-4611-8297-d1b8b55e40b5","['marking-definition--fa42a846-8d90-4e51-bc29-71d5b4802168']","Malware Metadata","Contextual data about a malicious payload, such as compilation times, file hashes, as well as watermarks or other identifiable configuration information","1.0","x-mitre-data-source--b86d9b40-5fbe-4ef1-8dc3-263eff26f495","2.1","2.1.0","['enterprise-attack']","identity--c78cb6e5-0c4b-4611-8297-d1b8b55e40b5"
"x-mitre-data-component","x-mitre-data-component--167b48f7-76e9-4fcb-9e8d-7121f7bf56c3","2021-10-20T15:05:19.271748Z","2021-10-20T15:05:19.271748Z","identity--c78cb6e5-0c4b-4611-8297-d1b8b55e40b5","['marking-definition--fa42a846-8d90-4e51-bc29-71d5b4802168']","Malware Content","Code, strings, and other signatures that compromise a malicious payload","1.0","x-mitre-data-source--b86d9b40-5fbe-4ef1-8dc3-263eff26f495","2.1","2.1.0","['enterprise-attack']","identity--c78cb6e5-0c4b-4611-8297-d1b8b55e40b5"
"x-mitre-data-component","x-mitre-data-component--05645013-2fed-4066-8bdc-626b2e201dd4","2021-10-20T15:05:19.271827Z","2021-10-20T15:05:19.271827Z","identity--c78cb6e5-0c4b-4611-8297-d1b8b55e40b5","['marking-definition--fa42a846-8d90-4e51-bc29-71d5b4802168']","WMI Creation","Initial construction of a WMI object, such as a filter, consumer, subscription, binding, or provider (ex: Sysmon EIDs 19-21)","1.0","x-mitre-data-source--2cd6cc81-d86e-4595-a4f0-43f5519f14e6","2.1","2.1.0","['enterprise-attack']","identity--c78cb6e5-0c4b-4611-8297-d1b8b55e40b5"
"x-mitre-data-component","x-mitre-data-component--5f7c9def-0ddf-423b-b1f8-fb2ddeed0ce3","2021-10-20T15:05:19.271909Z","2021-10-20T15:05:19.271909Z","identity--c78cb6e5-0c4b-4611-8297-d1b8b55e40b5","['marking-definition--fa42a846-8d90-4e51-bc29-71d5b4802168']","Web Credential Creation","Initial construction of new web credential material (ex: Windows EID 1200 or 4769)","1.0","x-mitre-data-source--1e26f222-e27e-4bfa-830c-fa4b4f18b5e4","2.1","2.1.0","['enterprise-attack']","identity--c78cb6e5-0c4b-4611-8297-d1b8b55e40b5"
"x-mitre-data-component","x-mitre-data-component--ff93f688-d7a4-49cf-9c79-a14454da8428","2021-10-20T15:05:19.271933Z","2021-10-20T15:05:19.271933Z","identity--c78cb6e5-0c4b-4611-8297-d1b8b55e40b5","['marking-definition--fa42a846-8d90-4e51-bc29-71d5b4802168']","Web Credential Usage","An attempt by a user to gain access to a network or computing resource by providing web credentials (ex: Windows EID 1202)","1.0","x-mitre-data-source--1e26f222-e27e-4bfa-830c-fa4b4f18b5e4","2.1","2.1.0","['enterprise-attack']","identity--c78cb6e5-0c4b-4611-8297-d1b8b55e40b5"
"x-mitre-data-component","x-mitre-data-component--b008766d-f34f-4ded-b712-659f59aaed6e","2021-10-20T15:05:19.271986Z","2021-10-20T15:05:19.271986Z","identity--c78cb6e5-0c4b-4611-8297-d1b8b55e40b5","['marking-definition--fa42a846-8d90-4e51-bc29-71d5b4802168']","Image Creation","Initial construction of a virtual machine image (ex: Azure Compute Service Images PUT)","1.0","x-mitre-data-source--1ac0ca69-e07e-4b34-9061-e4588e146c52","2.1","2.1.0","['enterprise-attack']","identity--c78cb6e5-0c4b-4611-8297-d1b8b55e40b5"
"x-mitre-data-component","x-mitre-data-component--071a09b1-8945-46fd-8bb7-6bcc89400963","2021-10-20T15:05:19.272009Z","2021-10-20T15:05:19.272009Z","identity--c78cb6e5-0c4b-4611-8297-d1b8b55e40b5","['marking-definition--fa42a846-8d90-4e51-bc29-71d5b4802168']","Image Modification","Changes made to a virtual machine image, including setting and/or control data (ex: Azure Compute Service Images PATCH)","1.0","x-mitre-data-source--1ac0ca69-e07e-4b34-9061-e4588e146c52","2.1","2.1.0","['enterprise-attack']","identity--c78cb6e5-0c4b-4611-8297-d1b8b55e40b5"
"x-mitre-data-component","x-mitre-data-component--8b4ca854-ac08-47da-b24f-601b28a39aff","2021-10-20T15:05:19.272030Z","2021-10-20T15:05:19.272030Z","identity--c78cb6e5-0c4b-4611-8297-d1b8b55e40b5","['marking-definition--fa42a846-8d90-4e51-bc29-71d5b4802168']","Image Deletion","Removal of a virtual machine image (ex: Azure Compute Service Images DELETE)","1.0","x-mitre-data-source--1ac0ca69-e07e-4b34-9061-e4588e146c52","2.1","2.1.0","['enterprise-attack']","identity--c78cb6e5-0c4b-4611-8297-d1b8b55e40b5"
"x-mitre-data-component","x-mitre-data-component--b597a220-6510-4397-b0d8-342cd2c58827","2021-10-20T15:05:19.272052Z","2021-10-20T15:05:19.272052Z","identity--c78cb6e5-0c4b-4611-8297-d1b8b55e40b5","['marking-definition--fa42a846-8d90-4e51-bc29-71d5b4802168']","Image Metadata","Contextual data about a virtual machine image such as name, resource group, state, or type","1.0","x-mitre-data-source--1ac0ca69-e07e-4b34-9061-e4588e146c52","2.1","2.1.0","['enterprise-attack']","identity--c78cb6e5-0c4b-4611-8297-d1b8b55e40b5"
"x-mitre-data-component","x-mitre-data-component--23e4ee78-26f3-4fcf-ba43-ab953962f96c","2021-10-20T15:05:19.272119Z","2021-10-20T15:05:19.272119Z","identity--c78cb6e5-0c4b-4611-8297-d1b8b55e40b5","['marking-definition--fa42a846-8d90-4e51-bc29-71d5b4802168']","Kernel Module Load","An object file that contains code to extend the running kernel of an OS, typically used to add support for new hardware (as device drivers) and/or filesystems, or for adding system calls","1.0","x-mitre-data-source--8765a845-dea1-4cd1-a56f-f54939b7ab9e","2.1","2.1.0","['enterprise-attack']","identity--c78cb6e5-0c4b-4611-8297-d1b8b55e40b5"
"x-mitre-data-component","x-mitre-data-component--ee575f4a-2d4f-48f6-b18b-89067760adc1","2021-10-20T15:05:19.272172Z","2021-10-20T15:05:19.272172Z","identity--c78cb6e5-0c4b-4611-8297-d1b8b55e40b5","['marking-definition--fa42a846-8d90-4e51-bc29-71d5b4802168']","Process Metadata","Contextual data about a running process, which may include information such as environment variables, image name, user/owner, etc.","1.0","x-mitre-data-source--e8b8ede7-337b-4c0c-8c32-5c7872c1ee22","2.1","2.1.0","['enterprise-attack']","identity--c78cb6e5-0c4b-4611-8297-d1b8b55e40b5"
"x-mitre-data-component","x-mitre-data-component--3d20385b-24ef-40e1-9f56-f39750379077","2021-10-20T15:05:19.272195Z","2021-10-20T15:05:19.272195Z","identity--c78cb6e5-0c4b-4611-8297-d1b8b55e40b5","['marking-definition--fa42a846-8d90-4e51-bc29-71d5b4802168']","Process Creation","Birth of a new running process (ex: Sysmon EID 1 or Windows EID 4688)","1.0","x-mitre-data-source--e8b8ede7-337b-4c0c-8c32-5c7872c1ee22","2.1","2.1.0","['enterprise-attack']","identity--c78cb6e5-0c4b-4611-8297-d1b8b55e40b5"
"x-mitre-data-component","x-mitre-data-component--61f1d40e-f3d0-4cc6-aa2d-937b6204194f","2021-10-20T15:05:19.272261Z","2021-10-20T15:05:19.272261Z","identity--c78cb6e5-0c4b-4611-8297-d1b8b55e40b5","['marking-definition--fa42a846-8d90-4e51-bc29-71d5b4802168']","Process Termination","Exit of a running process (ex: Sysmon EID 5 or Windows EID 4689)","1.0","x-mitre-data-source--e8b8ede7-337b-4c0c-8c32-5c7872c1ee22","2.1","2.1.0","['enterprise-attack']","identity--c78cb6e5-0c4b-4611-8297-d1b8b55e40b5"
"x-mitre-data-component","x-mitre-data-component--d5fca4e4-e47a-487b-873f-3d22f8865e96","2021-10-20T15:05:19.272285Z","2021-10-20T15:05:19.272285Z","identity--c78cb6e5-0c4b-4611-8297-d1b8b55e40b5","['marking-definition--fa42a846-8d90-4e51-bc29-71d5b4802168']","Process Modification","Changes made to a process, or its contents, typically to write and/or execute code in the memory of the target process (ex: Sysmon EID 8)","1.0","x-mitre-data-source--e8b8ede7-337b-4c0c-8c32-5c7872c1ee22","2.1","2.1.0","['enterprise-attack']","identity--c78cb6e5-0c4b-4611-8297-d1b8b55e40b5"
"x-mitre-data-component","x-mitre-data-component--1887a270-576a-4049-84de-ef746b2572d6","2021-10-20T15:05:19.272320Z","2021-10-20T15:05:19.272320Z","identity--c78cb6e5-0c4b-4611-8297-d1b8b55e40b5","['marking-definition--fa42a846-8d90-4e51-bc29-71d5b4802168']","Process Access","Opening of a process by another process, typically to read memory of the target process (ex: Sysmon EID 10)","1.0","x-mitre-data-source--e8b8ede7-337b-4c0c-8c32-5c7872c1ee22","2.1","2.1.0","['enterprise-attack']","identity--c78cb6e5-0c4b-4611-8297-d1b8b55e40b5"
"x-mitre-data-component","x-mitre-data-component--9bde2f9d-a695-4344-bfac-f2dce13d121e","2021-10-20T15:05:19.272354Z","2021-10-20T15:05:19.272354Z","identity--c78cb6e5-0c4b-4611-8297-d1b8b55e40b5","['marking-definition--fa42a846-8d90-4e51-bc29-71d5b4802168']","OS API Execution","Operating system function/method calls executed by a process","1.0","x-mitre-data-source--e8b8ede7-337b-4c0c-8c32-5c7872c1ee22","2.1","2.1.0","['enterprise-attack']","identity--c78cb6e5-0c4b-4611-8297-d1b8b55e40b5"
"x-mitre-data-component","x-mitre-data-component--59ec10d9-546b-4b8e-bccb-fa85f71e5055","2021-10-20T15:05:19.272419Z","2021-10-20T15:05:19.272419Z","identity--c78cb6e5-0c4b-4611-8297-d1b8b55e40b5","['marking-definition--fa42a846-8d90-4e51-bc29-71d5b4802168']","Cloud Storage Creation","Initial construction of new cloud storage infrastructure (ex: AWS S3 CreateBucket)","1.0","x-mitre-data-source--2ce537a2-3b30-4374-9397-31d6460ec0bc","2.1","2.1.0","['enterprise-attack']","identity--c78cb6e5-0c4b-4611-8297-d1b8b55e40b5"
"x-mitre-data-component","x-mitre-data-component--45977f14-1bcc-4ec4-ac14-a30fd3a11f44","2021-10-20T15:05:19.272445Z","2021-10-20T15:05:19.272445Z","identity--c78cb6e5-0c4b-4611-8297-d1b8b55e40b5","['marking-definition--fa42a846-8d90-4e51-bc29-71d5b4802168']","Cloud Storage Modification","Changes made to cloud storage infrastructure, including its settings and/or data (ex: AWS S3 PutObject or PutObjectAcl)","1.0","x-mitre-data-source--2ce537a2-3b30-4374-9397-31d6460ec0bc","2.1","2.1.0","['enterprise-attack']","identity--c78cb6e5-0c4b-4611-8297-d1b8b55e40b5"
"x-mitre-data-component","x-mitre-data-component--4c41e296-b8d2-4a37-b789-eb565c87c00c","2021-10-20T15:05:19.272467Z","2021-10-20T15:05:19.272467Z","identity--c78cb6e5-0c4b-4611-8297-d1b8b55e40b5","['marking-definition--fa42a846-8d90-4e51-bc29-71d5b4802168']","Cloud Storage Deletion","Removal of cloud storage infrastructure (ex: AWS S3 DeleteBucket)","1.0","x-mitre-data-source--2ce537a2-3b30-4374-9397-31d6460ec0bc","2.1","2.1.0","['enterprise-attack']","identity--c78cb6e5-0c4b-4611-8297-d1b8b55e40b5"
"x-mitre-data-component","x-mitre-data-component--e214eb6d-de8f-4154-9015-6d47915fbed1","2021-10-20T15:05:19.272487Z","2021-10-20T15:05:19.272487Z","identity--c78cb6e5-0c4b-4611-8297-d1b8b55e40b5","['marking-definition--fa42a846-8d90-4e51-bc29-71d5b4802168']","Cloud Storage Metadata","Contextual data about cloud storage infrastructure and activity around it such as name, size, or owner","1.0","x-mitre-data-source--2ce537a2-3b30-4374-9397-31d6460ec0bc","2.1","2.1.0","['enterprise-attack']","identity--c78cb6e5-0c4b-4611-8297-d1b8b55e40b5"
"x-mitre-data-component","x-mitre-data-component--fcc4811f-9cc8-4db5-8097-4d8242a380de","2021-10-20T15:05:19.272508Z","2021-10-20T15:05:19.272508Z","identity--c78cb6e5-0c4b-4611-8297-d1b8b55e40b5","['marking-definition--fa42a846-8d90-4e51-bc29-71d5b4802168']","Cloud Storage Enumeration","An extracted list of cloud storage infrastructure (ex: AWS S3 ListBuckets or ListObjects)","1.0","x-mitre-data-source--2ce537a2-3b30-4374-9397-31d6460ec0bc","2.1","2.1.0","['enterprise-attack']","identity--c78cb6e5-0c4b-4611-8297-d1b8b55e40b5"
"x-mitre-data-component","x-mitre-data-component--58ef998c-f3bf-4985-b487-b1005f5c05d1","2021-10-20T15:05:19.272529Z","2021-10-20T15:05:19.272529Z","identity--c78cb6e5-0c4b-4611-8297-d1b8b55e40b5","['marking-definition--fa42a846-8d90-4e51-bc29-71d5b4802168']","Cloud Storage Access","Opening of a cloud storage infrastructure, typically to collect/read its value (ex: AWS S3 GetObject)","1.0","x-mitre-data-source--2ce537a2-3b30-4374-9397-31d6460ec0bc","2.1","2.1.0","['enterprise-attack']","identity--c78cb6e5-0c4b-4611-8297-d1b8b55e40b5"
"x-mitre-data-component","x-mitre-data-component--c0a4a086-cc20-4e1e-b7cb-29d99dfa3fb1","2021-10-20T15:05:19.272586Z","2021-10-20T15:05:19.272586Z","identity--c78cb6e5-0c4b-4611-8297-d1b8b55e40b5","['marking-definition--fa42a846-8d90-4e51-bc29-71d5b4802168']","Module Load","Attaching a module into the memory of a process/program, typically to access shared resources/features provided by the module (ex: Sysmon EID 7)","1.0","x-mitre-data-source--f424e4b4-a8a4-4c58-a4ae-4f53bfd08563","2.1","2.1.0","['enterprise-attack']","identity--c78cb6e5-0c4b-4611-8297-d1b8b55e40b5"
"x-mitre-data-component","x-mitre-data-component--9f387817-df83-432a-b56b-a8fb7f71eedd","2021-10-20T15:05:19.272641Z","2021-10-20T15:05:19.272641Z","identity--c78cb6e5-0c4b-4611-8297-d1b8b55e40b5","['marking-definition--fa42a846-8d90-4e51-bc29-71d5b4802168']","Script Execution","Launching a list of commands through a script file (ex: Windows EID 4104)","1.0","x-mitre-data-source--12c1e727-7fa4-49b6-af81-366ed2ce231e","2.1","2.1.0","['enterprise-attack']","identity--c78cb6e5-0c4b-4611-8297-d1b8b55e40b5"
"x-mitre-data-component","x-mitre-data-component--85a533a4-5fa4-4dba-b45d-f0717bedd6e6","2021-10-20T15:05:19.272689Z","2021-10-20T15:05:19.272689Z","identity--c78cb6e5-0c4b-4611-8297-d1b8b55e40b5","['marking-definition--fa42a846-8d90-4e51-bc29-71d5b4802168']","Host Status","Logging, messaging, and other artifacts highlighting the health of host sensors (ex: metrics, errors, and/or exceptions from logging applications)","1.0","x-mitre-data-source--4523e7f3-8de2-4078-96f8-1227eb537159","2.1","2.1.0","['enterprise-attack']","identity--c78cb6e5-0c4b-4611-8297-d1b8b55e40b5"
"x-mitre-data-component","x-mitre-data-component--5263cb33-08cc-4a68-820f-004e1e400d76","2021-10-20T15:05:19.272791Z","2021-10-20T15:05:19.272791Z","identity--c78cb6e5-0c4b-4611-8297-d1b8b55e40b5","['marking-definition--fa42a846-8d90-4e51-bc29-71d5b4802168']","Pod Creation","Initial construction of a new pod (ex: kubectl apply|run)","1.0","x-mitre-data-source--06bb1e05-533b-4de3-ae87-9b99910465cf","2.1","2.1.0","['enterprise-attack']","identity--c78cb6e5-0c4b-4611-8297-d1b8b55e40b5"
"x-mitre-data-component","x-mitre-data-component--672b2ebd-4310-4efe-bf03-7ab005298a74","2021-10-20T15:05:19.272840Z","2021-10-20T15:05:19.272840Z","identity--c78cb6e5-0c4b-4611-8297-d1b8b55e40b5","['marking-definition--fa42a846-8d90-4e51-bc29-71d5b4802168']","Pod Modification","Changes made to a pod, including its settings and/or control data (ex: kubectl set|patch|edit)","1.0","x-mitre-data-source--06bb1e05-533b-4de3-ae87-9b99910465cf","2.1","2.1.0","['enterprise-attack']","identity--c78cb6e5-0c4b-4611-8297-d1b8b55e40b5"
"x-mitre-data-component","x-mitre-data-component--c0edd522-0aef-46b3-8efa-2bd334ce4242","2021-10-20T15:05:19.272873Z","2021-10-20T15:05:19.272873Z","identity--c78cb6e5-0c4b-4611-8297-d1b8b55e40b5","['marking-definition--fa42a846-8d90-4e51-bc29-71d5b4802168']","Pod Metadata","Contextual data about a pod and activity around it such as name, ID, namespace, or status","1.0","x-mitre-data-source--06bb1e05-533b-4de3-ae87-9b99910465cf","2.1","2.1.0","['enterprise-attack']","identity--c78cb6e5-0c4b-4611-8297-d1b8b55e40b5"
"x-mitre-data-component","x-mitre-data-component--07688e40-a7fa-4436-937f-1216674341a0","2021-10-20T15:05:19.272897Z","2021-10-20T15:05:19.272897Z","identity--c78cb6e5-0c4b-4611-8297-d1b8b55e40b5","['marking-definition--fa42a846-8d90-4e51-bc29-71d5b4802168']","Pod Enumeration","An extracted list of pods within a cluster (ex: kubectl get pods)","1.0","x-mitre-data-source--06bb1e05-533b-4de3-ae87-9b99910465cf","2.1","2.1.0","['enterprise-attack']","identity--c78cb6e5-0c4b-4611-8297-d1b8b55e40b5"
"x-mitre-data-component","x-mitre-data-component--9c2fa0ae-7abc-485a-97f6-699e3b6cf9fa","2021-10-20T15:05:19.272957Z","2021-10-20T15:05:19.272957Z","identity--c78cb6e5-0c4b-4611-8297-d1b8b55e40b5","['marking-definition--fa42a846-8d90-4e51-bc29-71d5b4802168']","Application Log Content","Logging, messaging, and other artifacts provided by third-party services (ex: metrics, errors, and/or alerts from mail/web applications)","1.0","x-mitre-data-source--40269753-26bd-437b-986e-159c66dec5e4","2.1","2.1.0","['enterprise-attack']","identity--c78cb6e5-0c4b-4611-8297-d1b8b55e40b5"
"x-mitre-data-component","x-mitre-data-component--3d6e6b3b-4aa8-40e1-8c47-91db0f313d9f","2021-10-20T15:05:19.273011Z","2021-10-20T15:05:19.273011Z","identity--c78cb6e5-0c4b-4611-8297-d1b8b55e40b5","['marking-definition--fa42a846-8d90-4e51-bc29-71d5b4802168']","Drive Creation","Initial construction of a drive letter or mount point to a data storage device","1.0","x-mitre-data-source--61bbbf27-f7c3-46ba-a6bc-48ae76928065","2.1","2.1.0","['enterprise-attack']","identity--c78cb6e5-0c4b-4611-8297-d1b8b55e40b5"
"x-mitre-data-component","x-mitre-data-component--4dcd8ba3-2075-4f8b-941e-39884ffaac08","2021-10-20T15:05:19.273061Z","2021-10-20T15:05:19.273061Z","identity--c78cb6e5-0c4b-4611-8297-d1b8b55e40b5","['marking-definition--fa42a846-8d90-4e51-bc29-71d5b4802168']","Drive Modification","Changes made to a drive letter or mount point of a data storage device","1.0","x-mitre-data-source--61bbbf27-f7c3-46ba-a6bc-48ae76928065","2.1","2.1.0","['enterprise-attack']","identity--c78cb6e5-0c4b-4611-8297-d1b8b55e40b5"
"x-mitre-data-component","x-mitre-data-component--73ff2dcc-24b1-4368-b9dc-706dd9e68354","2021-10-20T15:05:19.273087Z","2021-10-20T15:05:19.273087Z","identity--c78cb6e5-0c4b-4611-8297-d1b8b55e40b5","['marking-definition--fa42a846-8d90-4e51-bc29-71d5b4802168']","Drive Access","Opening of a data storage device with an assigned drive letter or mount point","1.0","x-mitre-data-source--61bbbf27-f7c3-46ba-a6bc-48ae76928065","2.1","2.1.0","['enterprise-attack']","identity--c78cb6e5-0c4b-4611-8297-d1b8b55e40b5"
"x-mitre-data-component","x-mitre-data-component--685f917a-e95e-4ba0-ade1-c7d354dae6e0","2021-10-20T15:05:19.273156Z","2021-10-20T15:05:19.273156Z","identity--c78cb6e5-0c4b-4611-8297-d1b8b55e40b5","['marking-definition--fa42a846-8d90-4e51-bc29-71d5b4802168']","Command Execution","Invoking a computer program directive to perform a specific task (ex: Windows EID 4688 of cmd.exe showing command-line parameters, ~/.bash_history, or ~/.zsh_history)","1.0","x-mitre-data-source--73691708-ffb5-4e29-906d-f485f6fa7089","2.1","2.1.0","['enterprise-attack']","identity--c78cb6e5-0c4b-4611-8297-d1b8b55e40b5"
"x-mitre-data-component","x-mitre-data-component--746f095a-f84c-4ccc-90a5-c7caa5c100a2","2021-10-20T15:05:19.273209Z","2021-10-20T15:05:19.273209Z","identity--c78cb6e5-0c4b-4611-8297-d1b8b55e40b5","['marking-definition--fa42a846-8d90-4e51-bc29-71d5b4802168']","Firewall Metadata","Contextual data about a firewall and activity around it such as name, policy, or status","1.0","x-mitre-data-source--f2f4f4bd-3455-400f-b2ee-104004df0f5b","2.1","2.1.0","['enterprise-attack']","identity--c78cb6e5-0c4b-4611-8297-d1b8b55e40b5"
"x-mitre-data-component","x-mitre-data-component--c97d0171-f6e0-4415-85ff-4082fdb8c72a","2021-10-20T15:05:19.273233Z","2021-10-20T15:05:19.273233Z","identity--c78cb6e5-0c4b-4611-8297-d1b8b55e40b5","['marking-definition--fa42a846-8d90-4e51-bc29-71d5b4802168']","Firewall Disable","Deactivation or stoppage of a cloud service (ex: Write/Delete entries within Azure Firewall Activity Logs)","1.0","x-mitre-data-source--f2f4f4bd-3455-400f-b2ee-104004df0f5b","2.1","2.1.0","['enterprise-attack']","identity--c78cb6e5-0c4b-4611-8297-d1b8b55e40b5"
"x-mitre-data-component","x-mitre-data-component--d2ff4b56-8351-4ed8-b0fb-d8605366005f","2021-10-20T15:05:19.273254Z","2021-10-20T15:05:19.273254Z","identity--c78cb6e5-0c4b-4611-8297-d1b8b55e40b5","['marking-definition--fa42a846-8d90-4e51-bc29-71d5b4802168']","Firewall Rule Modification","Changes made to a firewall rule, typically to allow/block specific network traffic (ex: Windows EID 4950 or Write/Delete entries within Azure Firewall Rule Collection Activity Logs)","1.0","x-mitre-data-source--f2f4f4bd-3455-400f-b2ee-104004df0f5b","2.1","2.1.0","['enterprise-attack']","identity--c78cb6e5-0c4b-4611-8297-d1b8b55e40b5"
"x-mitre-data-component","x-mitre-data-component--bf91faa8-0049-4870-810a-4df55e0b77ee","2021-10-20T15:05:19.273275Z","2021-10-20T15:05:19.273275Z","identity--c78cb6e5-0c4b-4611-8297-d1b8b55e40b5","['marking-definition--fa42a846-8d90-4e51-bc29-71d5b4802168']","Firewall Enumeration","An extracted list of available firewalls and/or their associated settings/rules (ex: Azure Network Firewall CLI Show commands)","1.0","x-mitre-data-source--f2f4f4bd-3455-400f-b2ee-104004df0f5b","2.1","2.1.0","['enterprise-attack']","identity--c78cb6e5-0c4b-4611-8297-d1b8b55e40b5"
"x-mitre-data-component","x-mitre-data-component--74fa567d-bc90-425c-8a41-3c703abb221c","2021-10-20T15:05:19.273397Z","2021-10-20T15:05:19.273397Z","identity--c78cb6e5-0c4b-4611-8297-d1b8b55e40b5","['marking-definition--fa42a846-8d90-4e51-bc29-71d5b4802168']","Service Metadata","Contextual data about a service/daemon, which may include information such as name, service executable, start type, etc.","1.0","x-mitre-data-source--d710099e-df94-4be4-bf85-cabd30e912bb","2.1","2.1.0","['enterprise-attack']","identity--c78cb6e5-0c4b-4611-8297-d1b8b55e40b5"
"x-mitre-data-component","x-mitre-data-component--5297a638-1382-4f0c-8472-0d21830bf705","2021-10-20T15:05:19.273425Z","2021-10-20T15:05:19.273425Z","identity--c78cb6e5-0c4b-4611-8297-d1b8b55e40b5","['marking-definition--fa42a846-8d90-4e51-bc29-71d5b4802168']","Service Creation","Initial construction of a new service/daemon (ex: Windows EID 4697 or /var/log daemon logs)","1.0","x-mitre-data-source--d710099e-df94-4be4-bf85-cabd30e912bb","2.1","2.1.0","['enterprise-attack']","identity--c78cb6e5-0c4b-4611-8297-d1b8b55e40b5"
"x-mitre-data-component","x-mitre-data-component--66531bc6-a509-4868-8314-4d599e91d222","2021-10-20T15:05:19.273447Z","2021-10-20T15:05:19.273447Z","identity--c78cb6e5-0c4b-4611-8297-d1b8b55e40b5","['marking-definition--fa42a846-8d90-4e51-bc29-71d5b4802168']","Service Modification","Changes made to a service/daemon, such as changes to name, description, and/or start type (ex: Windows EID 7040 or /var/log daemon logs)","1.0","x-mitre-data-source--d710099e-df94-4be4-bf85-cabd30e912bb","2.1","2.1.0","['enterprise-attack']","identity--c78cb6e5-0c4b-4611-8297-d1b8b55e40b5"
"x-mitre-data-component","x-mitre-data-component--3da222e6-53f3-451c-a239-0b405c009432","2021-10-20T15:05:19.273503Z","2021-10-20T15:05:19.273503Z","identity--c78cb6e5-0c4b-4611-8297-d1b8b55e40b5","['marking-definition--fa42a846-8d90-4e51-bc29-71d5b4802168']","Snapshot Creation","Initial construction of a new snapshot (ex: AWS create-snapshot)","1.0","x-mitre-data-source--6d7de3b7-283d-48f9-909c-60d123d9d768","2.1","2.1.0","['enterprise-attack']","identity--c78cb6e5-0c4b-4611-8297-d1b8b55e40b5"
"x-mitre-data-component","x-mitre-data-component--f1eb6ea9-f3ab-414f-af35-2d5427199984","2021-10-20T15:05:19.273532Z","2021-10-20T15:05:19.273532Z","identity--c78cb6e5-0c4b-4611-8297-d1b8b55e40b5","['marking-definition--fa42a846-8d90-4e51-bc29-71d5b4802168']","Snapshot Modification","Changes made to a snapshop, such as metadata and control data (ex: AWS modify-snapshot-attribute)","1.0","x-mitre-data-source--6d7de3b7-283d-48f9-909c-60d123d9d768","2.1","2.1.0","['enterprise-attack']","identity--c78cb6e5-0c4b-4611-8297-d1b8b55e40b5"
"x-mitre-data-component","x-mitre-data-component--16e07530-764b-4d83-bae0-cdbfc31bf21d","2021-10-20T15:05:19.273555Z","2021-10-20T15:05:19.273555Z","identity--c78cb6e5-0c4b-4611-8297-d1b8b55e40b5","['marking-definition--fa42a846-8d90-4e51-bc29-71d5b4802168']","Snapshot Deletion","Removal of a snapshot (ex: AWS delete-snapshot)","1.0","x-mitre-data-source--6d7de3b7-283d-48f9-909c-60d123d9d768","2.1","2.1.0","['enterprise-attack']","identity--c78cb6e5-0c4b-4611-8297-d1b8b55e40b5"
"x-mitre-data-component","x-mitre-data-component--8bc66f94-54a9-4be4-bdd1-fe90df643774","2021-10-20T15:05:19.273578Z","2021-10-20T15:05:19.273578Z","identity--c78cb6e5-0c4b-4611-8297-d1b8b55e40b5","['marking-definition--fa42a846-8d90-4e51-bc29-71d5b4802168']","Snapshot Metadata","Contextual data about a snapshot, which may include information such as ID, type, and status","1.0","x-mitre-data-source--6d7de3b7-283d-48f9-909c-60d123d9d768","2.1","2.1.0","['enterprise-attack']","identity--c78cb6e5-0c4b-4611-8297-d1b8b55e40b5"
"x-mitre-data-component","x-mitre-data-component--ffd73905-2e51-4f2d-8549-e72fb0eb6c38","2021-10-20T15:05:19.273600Z","2021-10-20T15:05:19.273600Z","identity--c78cb6e5-0c4b-4611-8297-d1b8b55e40b5","['marking-definition--fa42a846-8d90-4e51-bc29-71d5b4802168']","Snapshot Enumeration","An extracted list of snapshops within a cloud environment (ex: AWS describe-snapshots)","1.0","x-mitre-data-source--6d7de3b7-283d-48f9-909c-60d123d9d768","2.1","2.1.0","['enterprise-attack']","identity--c78cb6e5-0c4b-4611-8297-d1b8b55e40b5"
"x-mitre-data-component","x-mitre-data-component--8fb2f315-1aca-4cef-ae0d-8105e1f95985","2021-10-20T15:05:19.273649Z","2021-10-20T15:05:19.273649Z","identity--c78cb6e5-0c4b-4611-8297-d1b8b55e40b5","['marking-definition--fa42a846-8d90-4e51-bc29-71d5b4802168']","Social Media","Established, compromised, or otherwise acquired social media personas","1.0","x-mitre-data-source--3bef4799-906c-409c-ac00-3fb7a1e352e6","2.1","2.1.0","['enterprise-attack']","identity--c78cb6e5-0c4b-4611-8297-d1b8b55e40b5"
"x-mitre-data-component","x-mitre-data-component--639e87f3-acb6-448a-9645-258f20da4bc5","2021-10-20T15:05:19.273701Z","2021-10-20T15:05:19.273701Z","identity--c78cb6e5-0c4b-4611-8297-d1b8b55e40b5","['marking-definition--fa42a846-8d90-4e51-bc29-71d5b4802168']","File Metadata","Contextual data about a file, which may include information such as name, the content (ex: signature, headers, or data/media), user/ower, permissions, etc.","1.0","x-mitre-data-source--509ed41e-ca42-461e-9058-24602256daf9","2.1","2.1.0","['enterprise-attack']","identity--c78cb6e5-0c4b-4611-8297-d1b8b55e40b5"
"x-mitre-data-component","x-mitre-data-component--2b3bfe19-d59a-460d-93bb-2f546adc2d2c","2021-10-20T15:05:19.273724Z","2021-10-20T15:05:19.273724Z","identity--c78cb6e5-0c4b-4611-8297-d1b8b55e40b5","['marking-definition--fa42a846-8d90-4e51-bc29-71d5b4802168']","File Creation","Initial construction of a new file (ex: Sysmon EID 11)","1.0","x-mitre-data-source--509ed41e-ca42-461e-9058-24602256daf9","2.1","2.1.0","['enterprise-attack']","identity--c78cb6e5-0c4b-4611-8297-d1b8b55e40b5"
"x-mitre-data-component","x-mitre-data-component--e905dad2-00d6-477c-97e8-800427abd0e8","2021-10-20T15:05:19.273745Z","2021-10-20T15:05:19.273745Z","identity--c78cb6e5-0c4b-4611-8297-d1b8b55e40b5","['marking-definition--fa42a846-8d90-4e51-bc29-71d5b4802168']","File Deletion","Removal of a file (ex: Sysmon EID 23)","1.0","x-mitre-data-source--509ed41e-ca42-461e-9058-24602256daf9","2.1","2.1.0","['enterprise-attack']","identity--c78cb6e5-0c4b-4611-8297-d1b8b55e40b5"
"x-mitre-data-component","x-mitre-data-component--235b7491-2d2b-4617-9a52-3c0783680f71","2021-10-20T15:05:19.273770Z","2021-10-20T15:05:19.273770Z","identity--c78cb6e5-0c4b-4611-8297-d1b8b55e40b5","['marking-definition--fa42a846-8d90-4e51-bc29-71d5b4802168']","File Access","Opening a file, which makes the file contents available to the requestor (ex: Windows EID 4663)","1.0","x-mitre-data-source--509ed41e-ca42-461e-9058-24602256daf9","2.1","2.1.0","['enterprise-attack']","identity--c78cb6e5-0c4b-4611-8297-d1b8b55e40b5"
"x-mitre-data-component","x-mitre-data-component--84572de3-9583-4c73-aabd-06ea88123dd8","2021-10-20T15:05:19.273791Z","2021-10-20T15:05:19.273791Z","identity--c78cb6e5-0c4b-4611-8297-d1b8b55e40b5","['marking-definition--fa42a846-8d90-4e51-bc29-71d5b4802168']","File Modification","Changes made to a file, or its access permissions and attributes, typically to alter the contents of the targeted file (ex: Windows EID 4670 or Sysmon EID 2)","1.0","x-mitre-data-source--509ed41e-ca42-461e-9058-24602256daf9","2.1","2.1.0","['enterprise-attack']","identity--c78cb6e5-0c4b-4611-8297-d1b8b55e40b5"
"x-mitre-data-component","x-mitre-data-component--b9a1578e-8653-4103-be23-cb52e0b1816e","2021-10-20T15:05:19.273848Z","2021-10-20T15:05:19.273848Z","identity--c78cb6e5-0c4b-4611-8297-d1b8b55e40b5","['marking-definition--fa42a846-8d90-4e51-bc29-71d5b4802168']","Named Pipe Metadata","Contextual data about a named pipe on a system, including pipe name and creating process (ex: Sysmon EIDs 17-18)","1.0","x-mitre-data-source--221adcd5-cccf-44df-9be6-ef607a6e1c3c","2.1","2.1.0","['enterprise-attack']","identity--c78cb6e5-0c4b-4611-8297-d1b8b55e40b5"
"x-mitre-data-component","x-mitre-data-component--7f70fae7-a68d-4730-a83a-f260b9606129","2021-10-20T15:05:19.273900Z","2021-10-20T15:05:19.273900Z","identity--c78cb6e5-0c4b-4611-8297-d1b8b55e40b5","['marking-definition--fa42a846-8d90-4e51-bc29-71d5b4802168']","Windows Registry Key Creation","Initial construction of a new Registry Key (ex: Windows EID 4656 or Sysmon EID 12)","1.0","x-mitre-data-source--0f42a24c-e035-4f93-a91c-5f7076bd8da0","2.1","2.1.0","['enterprise-attack']","identity--c78cb6e5-0c4b-4611-8297-d1b8b55e40b5"
"x-mitre-data-component","x-mitre-data-component--1177a4c5-31c8-400c-8544-9071166afa0e","2021-10-20T15:05:19.273923Z","2021-10-20T15:05:19.273923Z","identity--c78cb6e5-0c4b-4611-8297-d1b8b55e40b5","['marking-definition--fa42a846-8d90-4e51-bc29-71d5b4802168']","Windows Registry Key Deletion","Removal of a Registry Key (ex: Windows EID 4658 or Sysmon EID 12)","1.0","x-mitre-data-source--0f42a24c-e035-4f93-a91c-5f7076bd8da0","2.1","2.1.0","['enterprise-attack']","identity--c78cb6e5-0c4b-4611-8297-d1b8b55e40b5"
"x-mitre-data-component","x-mitre-data-component--da85d358-741a-410d-9433-20d6269a6170","2021-10-20T15:05:19.273944Z","2021-10-20T15:05:19.273944Z","identity--c78cb6e5-0c4b-4611-8297-d1b8b55e40b5","['marking-definition--fa42a846-8d90-4e51-bc29-71d5b4802168']","Windows Registry Key Modification","Changes made to a Registry Key and/or Key value (ex: Windows EID 4657 or Sysmon EID 13|14)","1.0","x-mitre-data-source--0f42a24c-e035-4f93-a91c-5f7076bd8da0","2.1","2.1.0","['enterprise-attack']","identity--c78cb6e5-0c4b-4611-8297-d1b8b55e40b5"
"x-mitre-data-component","x-mitre-data-component--ed0dd8aa-1677-4551-bb7d-8da767617e1b","2021-10-20T15:05:19.273968Z","2021-10-20T15:05:19.273968Z","identity--c78cb6e5-0c4b-4611-8297-d1b8b55e40b5","['marking-definition--fa42a846-8d90-4e51-bc29-71d5b4802168']","Windows Registry Key Access","Opening a Registry Key, typically to read the associated value (ex: Windows EID 4656)","1.0","x-mitre-data-source--0f42a24c-e035-4f93-a91c-5f7076bd8da0","2.1","2.1.0","['enterprise-attack']","identity--c78cb6e5-0c4b-4611-8297-d1b8b55e40b5"
"x-mitre-data-component","x-mitre-data-component--b33d36e3-d7ea-4895-8eed-19a08a8f7c4f","2021-10-20T15:05:19.274019Z","2021-10-20T15:05:19.274019Z","identity--c78cb6e5-0c4b-4611-8297-d1b8b55e40b5","['marking-definition--fa42a846-8d90-4e51-bc29-71d5b4802168']","Cloud Service Metadata","Contextual data about a cloud service and activity around it such as name, type, or purpose/function","1.0","x-mitre-data-source--b1ddede4-cafe-4955-ac4c-14b33ac3f647","2.1","2.1.0","['enterprise-attack']","identity--c78cb6e5-0c4b-4611-8297-d1b8b55e40b5"
"x-mitre-data-component","x-mitre-data-component--ec0612c5-2644-4c50-bcac-82586974fedd","2021-10-20T15:05:19.274044Z","2021-10-20T15:05:19.274044Z","identity--c78cb6e5-0c4b-4611-8297-d1b8b55e40b5","['marking-definition--fa42a846-8d90-4e51-bc29-71d5b4802168']","Cloud Service Disable","Deactivation or stoppage of a cloud service (ex: AWS Cloudtrail StopLogging)","1.0","x-mitre-data-source--b1ddede4-cafe-4955-ac4c-14b33ac3f647","2.1","2.1.0","['enterprise-attack']","identity--c78cb6e5-0c4b-4611-8297-d1b8b55e40b5"
"x-mitre-data-component","x-mitre-data-component--8c826308-2760-492f-9e36-4f0f7e23bcac","2021-10-20T15:05:19.274066Z","2021-10-20T15:05:19.274066Z","identity--c78cb6e5-0c4b-4611-8297-d1b8b55e40b5","['marking-definition--fa42a846-8d90-4e51-bc29-71d5b4802168']","Cloud Service Enumeration","An extracted list of cloud services (ex: AWS ECS ListServices)","1.0","x-mitre-data-source--b1ddede4-cafe-4955-ac4c-14b33ac3f647","2.1","2.1.0","['enterprise-attack']","identity--c78cb6e5-0c4b-4611-8297-d1b8b55e40b5"
"x-mitre-data-component","x-mitre-data-component--e52d89f9-1710-4708-88a5-cbef77c4cd5e","2021-10-20T15:05:19.274087Z","2021-10-20T15:05:19.274087Z","identity--c78cb6e5-0c4b-4611-8297-d1b8b55e40b5","['marking-definition--fa42a846-8d90-4e51-bc29-71d5b4802168']","Cloud Service Modification","Changes made to a cloud service, including its settings and/or data (ex: AWS CloudTrail DeleteTrail or DeleteConfigRule)","1.0","x-mitre-data-source--b1ddede4-cafe-4955-ac4c-14b33ac3f647","2.1","2.1.0","['enterprise-attack']","identity--c78cb6e5-0c4b-4611-8297-d1b8b55e40b5"
"x-mitre-data-component","x-mitre-data-component--18b236d8-7224-488f-9d2f-50076a0f653a","2021-10-20T15:05:19.274137Z","2021-10-20T15:05:19.274137Z","identity--c78cb6e5-0c4b-4611-8297-d1b8b55e40b5","['marking-definition--fa42a846-8d90-4e51-bc29-71d5b4802168']","Active Directory Object Creation","Initial construction of a new active directory object (ex: Windows EID 5137)","1.0","x-mitre-data-source--d6188aac-17db-4861-845f-57c369f9b4c8","2.1","2.1.0","['enterprise-attack']","identity--c78cb6e5-0c4b-4611-8297-d1b8b55e40b5"
"x-mitre-data-component","x-mitre-data-component--9085a576-636a-455b-91d2-c2921bbe6d1d","2021-10-20T15:05:19.274159Z","2021-10-20T15:05:19.274159Z","identity--c78cb6e5-0c4b-4611-8297-d1b8b55e40b5","['marking-definition--fa42a846-8d90-4e51-bc29-71d5b4802168']","Active Directory Object Deletion","Removal of an active directory object (ex: Windows EID 5141)","1.0","x-mitre-data-source--d6188aac-17db-4861-845f-57c369f9b4c8","2.1","2.1.0","['enterprise-attack']","identity--c78cb6e5-0c4b-4611-8297-d1b8b55e40b5"
"x-mitre-data-component","x-mitre-data-component--5b8b466b-2c81-4fe7-946f-d677a74ae3db","2021-10-20T15:05:19.274183Z","2021-10-20T15:05:19.274183Z","identity--c78cb6e5-0c4b-4611-8297-d1b8b55e40b5","['marking-definition--fa42a846-8d90-4e51-bc29-71d5b4802168']","Active Directory Object Modification","Changes made to an active directory object (ex: Windows EID 5163 or 5136)","1.0","x-mitre-data-source--d6188aac-17db-4861-845f-57c369f9b4c8","2.1","2.1.0","['enterprise-attack']","identity--c78cb6e5-0c4b-4611-8297-d1b8b55e40b5"
"x-mitre-data-component","x-mitre-data-component--02d090b6-8157-48da-98a2-517f7edd49fc","2021-10-20T15:05:19.274206Z","2021-10-20T15:05:19.274206Z","identity--c78cb6e5-0c4b-4611-8297-d1b8b55e40b5","['marking-definition--fa42a846-8d90-4e51-bc29-71d5b4802168']","Active Directory Credential Request","A user requested active directory credentials, such as a ticket or token (ex: Windows EID 4769)","1.0","x-mitre-data-source--d6188aac-17db-4861-845f-57c369f9b4c8","2.1","2.1.0","['enterprise-attack']","identity--c78cb6e5-0c4b-4611-8297-d1b8b55e40b5"
"x-mitre-data-component","x-mitre-data-component--5c6de881-bc70-4070-855a-7a9631a407f7","2021-10-20T15:05:19.274227Z","2021-10-20T15:05:19.274227Z","identity--c78cb6e5-0c4b-4611-8297-d1b8b55e40b5","['marking-definition--fa42a846-8d90-4e51-bc29-71d5b4802168']","Active Directory Object Access","Opening of an active directory object, typically to collect/read its value (ex: Windows EID 4661)","1.0","x-mitre-data-source--d6188aac-17db-4861-845f-57c369f9b4c8","2.1","2.1.0","['enterprise-attack']","identity--c78cb6e5-0c4b-4611-8297-d1b8b55e40b5"
"x-mitre-data-component","x-mitre-data-component--f5a9a1dd-82f9-41a3-85b8-13e5b9cd6c79","2021-10-20T15:05:19.274285Z","2021-10-20T15:05:19.274285Z","identity--c78cb6e5-0c4b-4611-8297-d1b8b55e40b5","['marking-definition--fa42a846-8d90-4e51-bc29-71d5b4802168']","Driver Metadata","Contextual data about a driver and activity around it such as driver issues reporting or integrity (page hash, code) checking","1.0","x-mitre-data-source--9ec8c0d7-6137-456f-b829-c5f8b96ba054","2.1","2.1.0","['enterprise-attack']","identity--c78cb6e5-0c4b-4611-8297-d1b8b55e40b5"
"x-mitre-data-component","x-mitre-data-component--3551476e-14f5-4e48-a518-e82135329e03","2021-10-20T15:05:19.274308Z","2021-10-20T15:05:19.274308Z","identity--c78cb6e5-0c4b-4611-8297-d1b8b55e40b5","['marking-definition--fa42a846-8d90-4e51-bc29-71d5b4802168']","Driver Load","Attaching a driver to either user or kernel-mode of a system (ex: Sysmon EID 6)","1.0","x-mitre-data-source--9ec8c0d7-6137-456f-b829-c5f8b96ba054","2.1","2.1.0","['enterprise-attack']","identity--c78cb6e5-0c4b-4611-8297-d1b8b55e40b5"
"x-mitre-data-component","x-mitre-data-component--39b9db72-8b48-4595-a18d-db5bbba3091b","2021-10-20T15:05:19.274381Z","2021-10-20T15:05:19.274381Z","identity--c78cb6e5-0c4b-4611-8297-d1b8b55e40b5","['marking-definition--fa42a846-8d90-4e51-bc29-71d5b4802168']","Logon Session Metadata","Contextual data about a logon session, such as username, logon type, access tokens (security context, user SIDs, logon identifiers, and logon SID), and any activity associated within it","1.0","x-mitre-data-source--4358c631-e253-4557-86df-f687d0ef9891","2.1","2.1.0","['enterprise-attack']","identity--c78cb6e5-0c4b-4611-8297-d1b8b55e40b5"
"x-mitre-data-component","x-mitre-data-component--9ce98c86-8d30-4043-ba54-0784d478d0b5","2021-10-20T15:05:19.274403Z","2021-10-20T15:05:19.274403Z","identity--c78cb6e5-0c4b-4611-8297-d1b8b55e40b5","['marking-definition--fa42a846-8d90-4e51-bc29-71d5b4802168']","Logon Session Creation","Initial construction of a new user logon session (ex: Windows EID 4624, /var/log/utmp, or /var/log/wmtp)","1.0","x-mitre-data-source--4358c631-e253-4557-86df-f687d0ef9891","2.1","2.1.0","['enterprise-attack']","identity--c78cb6e5-0c4b-4611-8297-d1b8b55e40b5"
"x-mitre-data-component","x-mitre-data-component--a7f22107-02e5-4982-9067-6625d4a1765a","2021-10-20T15:05:19.274471Z","2021-10-20T15:05:19.274471Z","identity--c78cb6e5-0c4b-4611-8297-d1b8b55e40b5","['marking-definition--fa42a846-8d90-4e51-bc29-71d5b4802168']","Network Traffic Flow","Summarized network packet data, with metrics, such as protocol headers and volume (ex: Netflow or Zeek http.log)","1.0","x-mitre-data-source--c000cd5c-bbb3-4606-af6f-6c6d9de0bbe3","2.1","2.1.0","['enterprise-attack']","identity--c78cb6e5-0c4b-4611-8297-d1b8b55e40b5"
"x-mitre-data-component","x-mitre-data-component--3772e279-27d6-477a-9fe3-c6beb363594c","2021-10-20T15:05:19.274493Z","2021-10-20T15:05:19.274493Z","identity--c78cb6e5-0c4b-4611-8297-d1b8b55e40b5","['marking-definition--fa42a846-8d90-4e51-bc29-71d5b4802168']","Network Traffic Content","Logged network traffic data showing both protocol header and body values (ex: PCAP)","1.0","x-mitre-data-source--c000cd5c-bbb3-4606-af6f-6c6d9de0bbe3","2.1","2.1.0","['enterprise-attack']","identity--c78cb6e5-0c4b-4611-8297-d1b8b55e40b5"
"x-mitre-data-component","x-mitre-data-component--181a9f8c-c780-4f1f-91a8-edb770e904ba","2021-10-20T15:05:19.274515Z","2021-10-20T15:05:19.274515Z","identity--c78cb6e5-0c4b-4611-8297-d1b8b55e40b5","['marking-definition--fa42a846-8d90-4e51-bc29-71d5b4802168']","Network Connection Creation","Initial construction of a network connection, such as capturing socket information with a source/destination IP and port(s) (ex: Windows EID 5156, Sysmon EID 3, or Zeek conn.log)","1.0","x-mitre-data-source--c000cd5c-bbb3-4606-af6f-6c6d9de0bbe3","2.1","2.1.0","['enterprise-attack']","identity--c78cb6e5-0c4b-4611-8297-d1b8b55e40b5"
"x-mitre-data-component","x-mitre-data-component--b5b0e8ae-7436-4951-950a-7b83c4dd3f2c","2021-10-20T15:05:19.274569Z","2021-10-20T15:05:19.274569Z","identity--c78cb6e5-0c4b-4611-8297-d1b8b55e40b5","['marking-definition--fa42a846-8d90-4e51-bc29-71d5b4802168']","Instance Creation","Initial construction of a new instance (ex: instance.insert within GCP Audit Logs)","1.0","x-mitre-data-source--45232bc0-e858-440d-aa93-d48c6cf167f0","2.1","2.1.0","['enterprise-attack']","identity--c78cb6e5-0c4b-4611-8297-d1b8b55e40b5"
"x-mitre-data-component","x-mitre-data-component--45d0ff14-b9c4-41f5-8603-156657c20b75","2021-10-20T15:05:19.274591Z","2021-10-20T15:05:19.274591Z","identity--c78cb6e5-0c4b-4611-8297-d1b8b55e40b5","['marking-definition--fa42a846-8d90-4e51-bc29-71d5b4802168']","Instance Modification","Changes made to an instance, including its settings and/or control data (ex: instance.addResourcePolicies or instances.setMetadata within GCP Audit Logs)","1.0","x-mitre-data-source--45232bc0-e858-440d-aa93-d48c6cf167f0","2.1","2.1.0","['enterprise-attack']","identity--c78cb6e5-0c4b-4611-8297-d1b8b55e40b5"
"x-mitre-data-component","x-mitre-data-component--7561ed50-16cb-4826-82c7-c1ddca61785e","2021-10-20T15:05:19.274612Z","2021-10-20T15:05:19.274612Z","identity--c78cb6e5-0c4b-4611-8297-d1b8b55e40b5","['marking-definition--fa42a846-8d90-4e51-bc29-71d5b4802168']","Instance Deletion","Removal of an instance (ex: instance.delete within GCP Audit Logs)","1.0","x-mitre-data-source--45232bc0-e858-440d-aa93-d48c6cf167f0","2.1","2.1.0","['enterprise-attack']","identity--c78cb6e5-0c4b-4611-8297-d1b8b55e40b5"
"x-mitre-data-component","x-mitre-data-component--45fd904d-6eb0-4b50-8478-a961f09f898b","2021-10-20T15:05:19.274633Z","2021-10-20T15:05:19.274633Z","identity--c78cb6e5-0c4b-4611-8297-d1b8b55e40b5","['marking-definition--fa42a846-8d90-4e51-bc29-71d5b4802168']","Instance Metadata","Contextual data about an instance and activity around it such as name, type, or status","1.0","x-mitre-data-source--45232bc0-e858-440d-aa93-d48c6cf167f0","2.1","2.1.0","['enterprise-attack']","identity--c78cb6e5-0c4b-4611-8297-d1b8b55e40b5"
"x-mitre-data-component","x-mitre-data-component--2a80d95f-08c4-48e3-833e-151ef19d90f5","2021-10-20T15:05:19.274654Z","2021-10-20T15:05:19.274654Z","identity--c78cb6e5-0c4b-4611-8297-d1b8b55e40b5","['marking-definition--fa42a846-8d90-4e51-bc29-71d5b4802168']","Instance Enumeration","An extracted list of instances within a cloud environment (ex: instance.list within GCP Audit Logs)","1.0","x-mitre-data-source--45232bc0-e858-440d-aa93-d48c6cf167f0","2.1","2.1.0","['enterprise-attack']","identity--c78cb6e5-0c4b-4611-8297-d1b8b55e40b5"
"x-mitre-data-component","x-mitre-data-component--f8213cde-6b3a-420d-9ab7-41c9af1a919f","2021-10-20T15:05:19.274676Z","2021-10-20T15:05:19.274676Z","identity--c78cb6e5-0c4b-4611-8297-d1b8b55e40b5","['marking-definition--fa42a846-8d90-4e51-bc29-71d5b4802168']","Instance Start","Activation or invocation of an instance (ex: instance.start within GCP Audit Logs)","1.0","x-mitre-data-source--45232bc0-e858-440d-aa93-d48c6cf167f0","2.1","2.1.0","['enterprise-attack']","identity--c78cb6e5-0c4b-4611-8297-d1b8b55e40b5"
"x-mitre-data-component","x-mitre-data-component--1361e324-b594-4c0e-a517-20cee32b8d7f","2021-10-20T15:05:19.274698Z","2021-10-20T15:05:19.274698Z","identity--c78cb6e5-0c4b-4611-8297-d1b8b55e40b5","['marking-definition--fa42a846-8d90-4e51-bc29-71d5b4802168']","Instance Stop","Deactivation or stoppage of an instance (ex: instance.stop within GCP Audit Logs)","1.0","x-mitre-data-source--45232bc0-e858-440d-aa93-d48c6cf167f0","2.1","2.1.0","['enterprise-attack']","identity--c78cb6e5-0c4b-4611-8297-d1b8b55e40b5"
"x-mitre-data-component","x-mitre-data-component--fafaa705-ec08-4405-ac62-288c252e520d","2021-10-20T15:05:19.274804Z","2021-10-20T15:05:19.274804Z","identity--c78cb6e5-0c4b-4611-8297-d1b8b55e40b5","['marking-definition--fa42a846-8d90-4e51-bc29-71d5b4802168']","Cluster Metadata","Contextual data about a cluster and activity around it such as name, namespace, age, or status","1.0","x-mitre-data-source--c3af32ff-65c5-4ea8-912a-fb4a85197239","2.1","2.1.0","['enterprise-attack']","identity--c78cb6e5-0c4b-4611-8297-d1b8b55e40b5"
"x-mitre-data-component","x-mitre-data-component--a5ae90ca-0c4b-481c-959f-0eb18a7ff953","2021-10-20T15:05:19.274861Z","2021-10-20T15:05:19.274861Z","identity--c78cb6e5-0c4b-4611-8297-d1b8b55e40b5","['marking-definition--fa42a846-8d90-4e51-bc29-71d5b4802168']","Container Creation","Initial construction of a new container (ex: docker create <container_name>)","1.0","x-mitre-data-source--072ec5a7-00ba-466f-9057-69751a22a967","2.1","2.1.0","['enterprise-attack']","identity--c78cb6e5-0c4b-4611-8297-d1b8b55e40b5"
"x-mitre-data-component","x-mitre-data-component--df508a43-65f5-453f-8b8f-4b5d64e60a21","2021-10-20T15:05:19.274884Z","2021-10-20T15:05:19.274884Z","identity--c78cb6e5-0c4b-4611-8297-d1b8b55e40b5","['marking-definition--fa42a846-8d90-4e51-bc29-71d5b4802168']","Container Metadata","Contextual data about a container and activity around it such as name, ID, image, or status","1.0","x-mitre-data-source--072ec5a7-00ba-466f-9057-69751a22a967","2.1","2.1.0","['enterprise-attack']","identity--c78cb6e5-0c4b-4611-8297-d1b8b55e40b5"
"x-mitre-data-component","x-mitre-data-component--91b3ed33-d1b5-4c4b-a896-76c55eb3cfd8","2021-10-20T15:05:19.274904Z","2021-10-20T15:05:19.274904Z","identity--c78cb6e5-0c4b-4611-8297-d1b8b55e40b5","['marking-definition--fa42a846-8d90-4e51-bc29-71d5b4802168']","Container Enumeration","An extracted list of containers (ex: docker ps)","1.0","x-mitre-data-source--072ec5a7-00ba-466f-9057-69751a22a967","2.1","2.1.0","['enterprise-attack']","identity--c78cb6e5-0c4b-4611-8297-d1b8b55e40b5"
"x-mitre-data-component","x-mitre-data-component--5fe82895-28e5-4aac-845e-dc886b63be2e","2021-10-20T15:05:19.274928Z","2021-10-20T15:05:19.274928Z","identity--c78cb6e5-0c4b-4611-8297-d1b8b55e40b5","['marking-definition--fa42a846-8d90-4e51-bc29-71d5b4802168']","Container Start","Activation or invocation of a container (ex: docker start or docker restart)","1.0","x-mitre-data-source--072ec5a7-00ba-466f-9057-69751a22a967","2.1","2.1.0","['enterprise-attack']","identity--c78cb6e5-0c4b-4611-8297-d1b8b55e40b5"
"x-mitre-data-component","x-mitre-data-component--f5468e67-51c7-4756-9b4f-65707708e7fa","2021-10-20T15:05:19.275043Z","2021-10-20T15:05:19.275043Z","identity--c78cb6e5-0c4b-4611-8297-d1b8b55e40b5","['marking-definition--fa42a846-8d90-4e51-bc29-71d5b4802168']","Network Share Access","Opening a network share, which makes the contents available to the requestor (ex: Windows EID 5140 or 5145)","1.0","x-mitre-data-source--ba27545a-9c32-47ea-ba6a-cce50f1b326e","2.1","2.1.0","['enterprise-attack']","identity--c78cb6e5-0c4b-4611-8297-d1b8b55e40b5"
"x-mitre-data-component","x-mitre-data-component--dad75cc7-5bae-4175-adb4-ca1962d8650e","2021-10-20T15:05:19.275094Z","2021-10-20T15:05:19.275094Z","identity--c78cb6e5-0c4b-4611-8297-d1b8b55e40b5","['marking-definition--fa42a846-8d90-4e51-bc29-71d5b4802168']","Volume Creation","Initial construction of a cloud volume (ex: AWS create-volume)","1.0","x-mitre-data-source--b0b6d26f-3747-4444-ac7a-239a6ff80cb5","2.1","2.1.0","['enterprise-attack']","identity--c78cb6e5-0c4b-4611-8297-d1b8b55e40b5"
"x-mitre-data-component","x-mitre-data-component--d46272ce-a0fe-4256-855e-738de7bb63ee","2021-10-20T15:05:19.275118Z","2021-10-20T15:05:19.275118Z","identity--c78cb6e5-0c4b-4611-8297-d1b8b55e40b5","['marking-definition--fa42a846-8d90-4e51-bc29-71d5b4802168']","Volume Modification","Changes made to a cloud volume, including its settings and control data (ex: AWS modify-volume)","1.0","x-mitre-data-source--b0b6d26f-3747-4444-ac7a-239a6ff80cb5","2.1","2.1.0","['enterprise-attack']","identity--c78cb6e5-0c4b-4611-8297-d1b8b55e40b5"
"x-mitre-data-component","x-mitre-data-component--3acecdde-c327-4498-9bb8-33a2e63c6c57","2021-10-20T15:05:19.275140Z","2021-10-20T15:05:19.275140Z","identity--c78cb6e5-0c4b-4611-8297-d1b8b55e40b5","['marking-definition--fa42a846-8d90-4e51-bc29-71d5b4802168']","Volume Deletion","Removal of a a cloud volume (ex: AWS delete-volume)","1.0","x-mitre-data-source--b0b6d26f-3747-4444-ac7a-239a6ff80cb5","2.1","2.1.0","['enterprise-attack']","identity--c78cb6e5-0c4b-4611-8297-d1b8b55e40b5"
"x-mitre-data-component","x-mitre-data-component--0f72bf50-35b3-419d-ab95-70f9b6a818dd","2021-10-20T15:05:19.275161Z","2021-10-20T15:05:19.275161Z","identity--c78cb6e5-0c4b-4611-8297-d1b8b55e40b5","['marking-definition--fa42a846-8d90-4e51-bc29-71d5b4802168']","Volume Metadata","Contextual data about a cloud volume and activity around it, such as id, type, state, and size","1.0","x-mitre-data-source--b0b6d26f-3747-4444-ac7a-239a6ff80cb5","2.1","2.1.0","['enterprise-attack']","identity--c78cb6e5-0c4b-4611-8297-d1b8b55e40b5"
"x-mitre-data-component","x-mitre-data-component--ec225357-8197-47a4-a9cd-57741d592877","2021-10-20T15:05:19.275181Z","2021-10-20T15:05:19.275181Z","identity--c78cb6e5-0c4b-4611-8297-d1b8b55e40b5","['marking-definition--fa42a846-8d90-4e51-bc29-71d5b4802168']","Volume Enumeration","An extracted list of available volumes within a cloud environment (ex: AWS describe-volumes)","1.0","x-mitre-data-source--b0b6d26f-3747-4444-ac7a-239a6ff80cb5","2.1","2.1.0","['enterprise-attack']","identity--c78cb6e5-0c4b-4611-8297-d1b8b55e40b5"
"x-mitre-data-component","x-mitre-data-component--1067aa74-5796-4d9b-b4f1-a4c9eb6fd9da","2021-10-20T15:05:19.275230Z","2021-10-20T15:05:19.275230Z","identity--c78cb6e5-0c4b-4611-8297-d1b8b55e40b5","['marking-definition--fa42a846-8d90-4e51-bc29-71d5b4802168']","Response Metadata","Contextual data about an Internet-facing resource gathered from a scan, such as running services or ports","1.0","x-mitre-data-source--38fe306c-bdec-4f3d-8521-b72dd32dbd17","2.1","2.1.0","['enterprise-attack']","identity--c78cb6e5-0c4b-4611-8297-d1b8b55e40b5"
"x-mitre-data-component","x-mitre-data-component--0dcbbf4f-929c-489a-b66b-9b820d3f7f0e","2021-10-20T15:05:19.275251Z","2021-10-20T15:05:19.275251Z","identity--c78cb6e5-0c4b-4611-8297-d1b8b55e40b5","['marking-definition--fa42a846-8d90-4e51-bc29-71d5b4802168']","Response Content","Logged network traffic in response to a scan showing both protocol header and body values","1.0","x-mitre-data-source--38fe306c-bdec-4f3d-8521-b72dd32dbd17","2.1","2.1.0","['enterprise-attack']","identity--c78cb6e5-0c4b-4611-8297-d1b8b55e40b5"
"x-mitre-data-component","x-mitre-data-component--8d8c7cac-94cf-4726-8989-cab33851168c","2021-10-20T15:05:19.275303Z","2021-10-20T15:05:19.275303Z","identity--c78cb6e5-0c4b-4611-8297-d1b8b55e40b5","['marking-definition--fa42a846-8d90-4e51-bc29-71d5b4802168']","Group Metadata","Contextual data about a group which describes group and activity around it, such as name, permissions, or user accounts within the group","1.0","x-mitre-data-source--3c07684f-3794-4536-8f70-21efe700c0ec","2.1","2.1.0","['enterprise-attack']","identity--c78cb6e5-0c4b-4611-8297-d1b8b55e40b5"
"x-mitre-data-component","x-mitre-data-component--8e44412e-3238-4d64-8878-4f11e27784fe","2021-10-20T15:05:19.275365Z","2021-10-20T15:05:19.275365Z","identity--c78cb6e5-0c4b-4611-8297-d1b8b55e40b5","['marking-definition--fa42a846-8d90-4e51-bc29-71d5b4802168']","Group Enumeration","An extracted list of available groups and/or their associated settings (ex: AWS list-groups)","1.0","x-mitre-data-source--3c07684f-3794-4536-8f70-21efe700c0ec","2.1","2.1.0","['enterprise-attack']","identity--c78cb6e5-0c4b-4611-8297-d1b8b55e40b5"
"x-mitre-data-component","x-mitre-data-component--05d5b5b4-ef93-4807-b05f-33d8c5a35bc5","2021-10-20T15:05:19.275385Z","2021-10-20T15:05:19.275385Z","identity--c78cb6e5-0c4b-4611-8297-d1b8b55e40b5","['marking-definition--fa42a846-8d90-4e51-bc29-71d5b4802168']","Group Modification","Changes made to a group, such as membership, name, or permissions (ex: Windows EID 4728 or 4732, AWS IAM UpdateGroup)","1.0","x-mitre-data-source--3c07684f-3794-4536-8f70-21efe700c0ec","2.1","2.1.0","['enterprise-attack']","identity--c78cb6e5-0c4b-4611-8297-d1b8b55e40b5"
"x-mitre-data-component","x-mitre-data-component--1dad5aa4-4bb5-45e4-9e42-55d40003cfa6","2021-10-20T15:05:19.275437Z","2021-10-20T15:05:19.275437Z","identity--c78cb6e5-0c4b-4611-8297-d1b8b55e40b5","['marking-definition--fa42a846-8d90-4e51-bc29-71d5b4802168']","Certificate Registration","Queried or logged information highlighting current and expired digital certificates (ex: Certificate transparency)","1.0","x-mitre-data-source--29aa4e0e-4a26-4f79-a9bc-1ae66df1c923","2.1","2.1.0","['enterprise-attack']","identity--c78cb6e5-0c4b-4611-8297-d1b8b55e40b5"
"x-mitre-data-component","x-mitre-data-component--cc150ad8-ecfa-4340-9aaa-d21165873bd4","2021-10-20T15:05:19.275489Z","2021-10-20T15:05:19.275489Z","identity--c78cb6e5-0c4b-4611-8297-d1b8b55e40b5","['marking-definition--fa42a846-8d90-4e51-bc29-71d5b4802168']","Passive DNS","Logged domain name system (DNS) data highlighting timelines of domain to IP address resolutions (ex: passive DNS)","1.0","x-mitre-data-source--dd75f457-8dc0-4a24-9ae5-4b61c33af866","2.1","2.1.0","['enterprise-attack']","identity--c78cb6e5-0c4b-4611-8297-d1b8b55e40b5"
"x-mitre-data-component","x-mitre-data-component--2e521444-7295-4dec-96c1-7595b2df7811","2021-10-20T15:05:19.275511Z","2021-10-20T15:05:19.275511Z","identity--c78cb6e5-0c4b-4611-8297-d1b8b55e40b5","['marking-definition--fa42a846-8d90-4e51-bc29-71d5b4802168']","Active DNS","Queried domain name system (DNS) registry data highlighting current domain to IP address resolutions (ex: dig/nslookup queries)","1.0","x-mitre-data-source--dd75f457-8dc0-4a24-9ae5-4b61c33af866","2.1","2.1.0","['enterprise-attack']","identity--c78cb6e5-0c4b-4611-8297-d1b8b55e40b5"
"x-mitre-data-component","x-mitre-data-component--ff9b665a-598b-4bcb-8b2a-a87566aa1256","2021-10-20T15:05:19.275531Z","2021-10-20T15:05:19.275531Z","identity--c78cb6e5-0c4b-4611-8297-d1b8b55e40b5","['marking-definition--fa42a846-8d90-4e51-bc29-71d5b4802168']","Domain Registration","Information about domain name assignments and other domain metadata (ex: WHOIS)","1.0","x-mitre-data-source--dd75f457-8dc0-4a24-9ae5-4b61c33af866","2.1","2.1.0","['enterprise-attack']","identity--c78cb6e5-0c4b-4611-8297-d1b8b55e40b5"
